listing_id,title,url,price,location,property_type,bedrooms,bathrooms,area,furnished,description,images,seller_name,fetched_at
U2026513,Well Kept 2 Storey Vintage Bungalow for Rent at Keramat,https://www.fazwaz.my/property-rent/6-bedroom-house-for-rent-in-bandar-kuala-lumpur-kuala-lumpur-u2026513,"RM10,000","Bandar Kuala Lumpur, Kuala Lumpur, Kuala Lumpur",House,6,5,N/A,N/A,"This property is a 0 Sqft house with 6 bedrooms and 5 bathrooms that is available for rent. It is located in Bandar Kuala Lumpur, Kuala Lumpur. You can rent this house long term for RM10,000 per month.","https://img.fazwaz.com/eyJidWNrZXQiOiJwcmQtbGlmdWxsY29ubmVjdC1iYWNrZW5kLWIyYi1pbWFnZXMiLCJrZXkiOiJwcm9wZXJ0aWVzXC9jYmQ3ZThhZi0zNzljLTRkMDQtOTQ0Mi01MGYwMWUzYmQ4NzVcLzEzZTE2ZmI5LTI1MTAtNGQwMy04M2Q5LTFhYWI4MTYwOWRiYy5qcGciLCJlZGl0cyI6eyJyb3RhdGUiOm51bGwsInJlc2l6ZSI6eyJ3aWR0aCI6OTUwLCJoZWlnaHQiOjUwNSwiZml0IjoiY292ZXIifX19,https://img.fazwaz.com/eyJidWNrZXQiOiJwcmQtbGlmdWxsY29ubmVjdC1iYWNrZW5kLWIyYi1pbWFnZXMiLCJrZXkiOiJwcm9wZXJ0aWVzXC9jYmQ3ZThhZi0zNzljLTRkMDQtOTQ0Mi01MGYwMWUzYmQ4NzVcLzg5YjEwMDA0LThjYTMtNGRkYS05Y2QyLTczYTBjOTA4YWMxZi5qcGciLCJlZGl0cyI6eyJyb3RhdGUiOm51bGwsInJlc2l6ZSI6eyJ3aWR0aCI6MjUwLCJoZWlnaHQiOjI1MCwiZml0IjoiY292ZXIifX19,https://img.fazwaz.com/eyJidWNrZXQiOiJwcmQtbGlmdWxsY29ubmVjdC1iYWNrZW5kLWIyYi1pbWFnZXMiLCJrZXkiOiJwcm9wZXJ0aWVzXC9jYmQ3ZThhZi0zNzljLTRkMDQtOTQ0Mi01MGYwMWUzYmQ4NzVcL2YzZTEzODgwLWQyODktNDI2NS1iYmU3LTdlY2EzNGExZTY3MS5qcGciLCJlZGl0cyI6eyJyb3RhdGUiOm51bGwsInJlc2l6ZSI6eyJ3aWR0aCI6MjUwLCJoZWlnaHQiOjI1MCwiZml0IjoiY292ZXIifX19,https://img.fazwaz.com/eyJidWNrZXQiOiJwcmQtbGlmdWxsY29ubmVjdC1iYWNrZW5kLWIyYi1pbWFnZXMiLCJrZXkiOiJwcm9wZXJ0aWVzXC9jYmQ3ZThhZi0zNzljLTRkMDQtOTQ0Mi01MGYwMWUzYmQ4NzVcLzQ4Zjk5YTIwLWQ4MjYtNGYxMS04NjYwLTc5OWM3Y2QzMzJiNS5qcGciLCJlZGl0cyI6eyJyb3RhdGUiOm51bGwsInJlc2l6ZSI6eyJ3aWR0aCI6MjUwLCJoZWlnaHQiOjI1MCwiZml0IjoiY292ZXIifX19,https://img.fazwaz.com/eyJidWNrZXQiOiJwcmQtbGlmdWxsY29ubmVjdC1iYWNrZW5kLWIyYi1pbWFnZXMiLCJrZXkiOiJwcm9wZXJ0aWVzXC9jYmQ3ZThhZi0zNzljLTRkMDQtOTQ0Mi01MGYwMWUzYmQ4NzVcLzE0MDc3OTZkLTlkYzYtNDJmNy1iNjIzLTE1ODk2ZTQ5MGY0NS5qcGciLCJlZGl0cyI6eyJyb3RhdGUiOm51bGwsInJlc2l6ZSI6eyJ3aWR0aCI6MjUwLCJoZWlnaHQiOjI1MCwiZml0IjoiY292ZXIifX19",Proppit,2025-12-14T10:26:32.919572+00:00
U2034178,Taman Midah Double Storey End-Lot Cheras Kuala Lumpur For Rent,https://www.fazwaz.my/property-rent/4-bedroom-house-for-rent-in-kuala-lumpur-kuala-lumpur-u2034178,"RM1,500","Kuala Lumpur, Kuala Lumpur, Kuala Lumpur",House,4,2,N/A,Unfurnished,"This property is a 17,760 Sqft house with 4 bedrooms and 2 bathrooms that is available for rent. It is located in Kuala Lumpur, Kuala Lumpur. You can rent this house long term for RM1,500 per month.","https://img.fazwaz.com/eyJidWNrZXQiOiJwcmQtbGlmdWxsY29ubmVjdC1iYWNrZW5kLWIyYi1pbWFnZXMiLCJrZXkiOiJpbmdlc3RlclwvOWQ5N2I5NjAtNTg2YS00MDQwLWJkYmMtMjAzYjM2NTFlNDAyXC9ob21lLTEuanBnIiwiZWRpdHMiOnsicm90YXRlIjpudWxsLCJyZXNpemUiOnsid2lkdGgiOjk1MCwiaGVpZ2h0Ijo1MDUsImZpdCI6ImNvdmVyIn19fQ==,https://img.fazwaz.com/eyJidWNrZXQiOiJwcmQtbGlmdWxsY29ubmVjdC1iYWNrZW5kLWIyYi1pbWFnZXMiLCJrZXkiOiJpbmdlc3RlclwvOWQ5N2I5NjAtNTg2YS00MDQwLWJkYmMtMjAzYjM2NTFlNDAyXC9ob21lLTIuanBnIiwiZWRpdHMiOnsicm90YXRlIjpudWxsLCJyZXNpemUiOnsid2lkdGgiOjI1MCwiaGVpZ2h0IjoyNTAsImZpdCI6ImNvdmVyIn19fQ==,https://img.fazwaz.com/eyJidWNrZXQiOiJwcmQtbGlmdWxsY29ubmVjdC1iYWNrZW5kLWIyYi1pbWFnZXMiLCJrZXkiOiJpbmdlc3RlclwvOWQ5N2I5NjAtNTg2YS00MDQwLWJkYmMtMjAzYjM2NTFlNDAyXC9ob21lLTMuanBnIiwiZWRpdHMiOnsicm90YXRlIjpudWxsLCJyZXNpemUiOnsid2lkdGgiOjI1MCwiaGVpZ2h0IjoyNTAsImZpdCI6ImNvdmVyIn19fQ==,https://img.fazwaz.com/eyJidWNrZXQiOiJwcmQtbGlmdWxsY29ubmVjdC1iYWNrZW5kLWIyYi1pbWFnZXMiLCJrZXkiOiJpbmdlc3RlclwvOWQ5N2I5NjAtNTg2YS00MDQwLWJkYmMtMjAzYjM2NTFlNDAyXC9ob21lLTQuanBnIiwiZWRpdHMiOnsicm90YXRlIjpudWxsLCJyZXNpemUiOnsid2lkdGgiOjI1MCwiaGVpZ2h0IjoyNTAsImZpdCI6ImNvdmVyIn19fQ==,https://img.fazwaz.com/eyJidWNrZXQiOiJwcmQtbGlmdWxsY29ubmVjdC1iYWNrZW5kLWIyYi1pbWFnZXMiLCJrZXkiOiJpbmdlc3RlclwvOWQ5N2I5NjAtNTg2YS00MDQwLWJkYmMtMjAzYjM2NTFlNDAyXC9ob21lLTUuanBnIiwiZWRpdHMiOnsicm90YXRlIjpudWxsLCJyZXNpemUiOnsid2lkdGgiOjI1MCwiaGVpZ2h0IjoyNTAsImZpdCI6ImNvdmVyIn19fQ==",Proppit,2025-12-14T10:26:32.919572+00:00
U2020095,"3 Storey Bungalow for Sale or Rent at Kiara Peak, Mont Kiara",https://www.fazwaz.my/property-rent/5-bedroom-house-for-rent-in-batu-kuala-lumpur-u2020095,"RM16,000","Batu, Kuala Lumpur, Kuala Lumpur",House,5,4,N/A,Partly Furnished,"This property is a 0 Sqft house with 5 bedrooms and 4 bathrooms that is available for rent. It is located in Batu, Kuala Lumpur. You can rent this house for RM16,000 per month and it is also available for sale for RM6,300,000.","https://img.fazwaz.com/eyJidWNrZXQiOiJwcmQtbGlmdWxsY29ubmVjdC1iYWNrZW5kLWIyYi1pbWFnZXMiLCJrZXkiOiJwcm9wZXJ0aWVzXC9kZGQyNTUxMy04ZGIzLTQ0ZTQtOTI3Ni05NDYyYmQzNzE3ODZcLzFlYjcwNjRhLTU1ZmUtNGRkYS1iMDUyLWQ1MThhOWM5OWU1NC5qcGciLCJlZGl0cyI6eyJyb3RhdGUiOm51bGwsInJlc2l6ZSI6eyJ3aWR0aCI6OTUwLCJoZWlnaHQiOjUwNSwiZml0IjoiY292ZXIifX19,https://img.fazwaz.com/eyJidWNrZXQiOiJwcmQtbGlmdWxsY29ubmVjdC1iYWNrZW5kLWIyYi1pbWFnZXMiLCJrZXkiOiJwcm9wZXJ0aWVzXC9kZGQyNTUxMy04ZGIzLTQ0ZTQtOTI3Ni05NDYyYmQzNzE3ODZcLzU3NTJmZDFiLTAzNmYtNDE5OC05MzAzLWY1YzMyNTExMTMyOC5qcGciLCJlZGl0cyI6eyJyb3RhdGUiOm51bGwsInJlc2l6ZSI6eyJ3aWR0aCI6MjUwLCJoZWlnaHQiOjI1MCwiZml0IjoiY292ZXIifX19,https://img.fazwaz.com/eyJidWNrZXQiOiJwcmQtbGlmdWxsY29ubmVjdC1iYWNrZW5kLWIyYi1pbWFnZXMiLCJrZXkiOiJwcm9wZXJ0aWVzXC9kZGQyNTUxMy04ZGIzLTQ0ZTQtOTI3Ni05NDYyYmQzNzE3ODZcLzBjYjQ1MzhmLTcwNjAtNDBjZi1iODFmLWM3Yzc5ZDM4ZTM2My5qcGciLCJlZGl0cyI6eyJyb3RhdGUiOm51bGwsInJlc2l6ZSI6eyJ3aWR0aCI6MjUwLCJoZWlnaHQiOjI1MCwiZml0IjoiY292ZXIifX19,https://img.fazwaz.com/eyJidWNrZXQiOiJwcmQtbGlmdWxsY29ubmVjdC1iYWNrZW5kLWIyYi1pbWFnZXMiLCJrZXkiOiJwcm9wZXJ0aWVzXC9kZGQyNTUxMy04ZGIzLTQ0ZTQtOTI3Ni05NDYyYmQzNzE3ODZcL2Q1YjAyODE4LTI3OWItNDNhOC1hNTZhLTI3YmUyYjY3ZTY4ZS5qcGciLCJlZGl0cyI6eyJyb3RhdGUiOm51bGwsInJlc2l6ZSI6eyJ3aWR0aCI6MjUwLCJoZWlnaHQiOjI1MCwiZml0IjoiY292ZXIifX19,https://img.fazwaz.com/eyJidWNrZXQiOiJwcmQtbGlmdWxsY29ubmVjdC1iYWNrZW5kLWIyYi1pbWFnZXMiLCJrZXkiOiJwcm9wZXJ0aWVzXC9kZGQyNTUxMy04ZGIzLTQ0ZTQtOTI3Ni05NDYyYmQzNzE3ODZcLzQ4YzgwOWVjLTQ1YTUtNDlmNC1iYTBmLTgxYjE1Njc1OTg4NC5qcGciLCJlZGl0cyI6eyJyb3RhdGUiOm51bGwsInJlc2l6ZSI6eyJ3aWR0aCI6MjUwLCJoZWlnaHQiOjI1MCwiZml0IjoiY292ZXIifX19",Proppit,2025-12-14T10:26:32.919572+00:00
U2022054,"3 Storey Bungalow for Sale or Rent at Kiara Peak, Mont Kiara",https://www.fazwaz.my/property-rent/5-bedroom-house-for-rent-in-batu-kuala-lumpur-u2022054,"RM16,000","Batu, Kuala Lumpur, Kuala Lumpur",House,5,4,N/A,Partly Furnished,"This property is a 0 Sqft house with 5 bedrooms and 4 bathrooms that is available for rent. It is located in Batu, Kuala Lumpur. You can rent this house for RM16,000 per month and it is also available for sale for RM6,300,000.","https://img.fazwaz.com/eyJidWNrZXQiOiJwcmQtbGlmdWxsY29ubmVjdC1iYWNrZW5kLWIyYi1pbWFnZXMiLCJrZXkiOiJwcm9wZXJ0aWVzXC8wNjBiODJhMC1lZDY2LTQ2NGYtYmI2Ni0yOGI4MTUzOGM0ZjdcL2UxMjI5Y2RmLTdjMjUtNDM0ZS1hYzZlLTkxNTMzZjZjNTE0Yi5qcGciLCJlZGl0cyI6eyJyb3RhdGUiOm51bGwsInJlc2l6ZSI6eyJ3aWR0aCI6OTUwLCJoZWlnaHQiOjUwNSwiZml0IjoiY292ZXIifX19,https://img.fazwaz.com/eyJidWNrZXQiOiJwcmQtbGlmdWxsY29ubmVjdC1iYWNrZW5kLWIyYi1pbWFnZXMiLCJrZXkiOiJwcm9wZXJ0aWVzXC8wNjBiODJhMC1lZDY2LTQ2NGYtYmI2Ni0yOGI4MTUzOGM0ZjdcL2RhOWY1ZWYzLTk3MDYtNDY2Yi05ZTRmLWIzNjk1ZDRjYzM4ZC5qcGciLCJlZGl0cyI6eyJyb3RhdGUiOm51bGwsInJlc2l6ZSI6eyJ3aWR0aCI6MjUwLCJoZWlnaHQiOjI1MCwiZml0IjoiY292ZXIifX19,https://img.fazwaz.com/eyJidWNrZXQiOiJwcmQtbGlmdWxsY29ubmVjdC1iYWNrZW5kLWIyYi1pbWFnZXMiLCJrZXkiOiJwcm9wZXJ0aWVzXC8wNjBiODJhMC1lZDY2LTQ2NGYtYmI2Ni0yOGI4MTUzOGM0ZjdcLzg4OWJiY2Q5LWZmYTYtNDNjNS1iYTEyLTAyY2NiOWNiYzczYi5qcGciLCJlZGl0cyI6eyJyb3RhdGUiOm51bGwsInJlc2l6ZSI6eyJ3aWR0aCI6MjUwLCJoZWlnaHQiOjI1MCwiZml0IjoiY292ZXIifX19,https://img.fazwaz.com/eyJidWNrZXQiOiJwcmQtbGlmdWxsY29ubmVjdC1iYWNrZW5kLWIyYi1pbWFnZXMiLCJrZXkiOiJwcm9wZXJ0aWVzXC8wNjBiODJhMC1lZDY2LTQ2NGYtYmI2Ni0yOGI4MTUzOGM0ZjdcLzllMTlkZDRlLTNmZmItNDQ1Mi05OWJmLTJjODI5YjkwMTYyMS5qcGciLCJlZGl0cyI6eyJyb3RhdGUiOm51bGwsInJlc2l6ZSI6eyJ3aWR0aCI6MjUwLCJoZWlnaHQiOjI1MCwiZml0IjoiY292ZXIifX19,https://img.fazwaz.com/eyJidWNrZXQiOiJwcmQtbGlmdWxsY29ubmVjdC1iYWNrZW5kLWIyYi1pbWFnZXMiLCJrZXkiOiJwcm9wZXJ0aWVzXC8wNjBiODJhMC1lZDY2LTQ2NGYtYmI2Ni0yOGI4MTUzOGM0ZjdcLzhlZWFhODFiLTE4NmItNDJkZi04YjI3LTJlNDA1ZjA1YTkyZC5qcGciLCJlZGl0cyI6eyJyb3RhdGUiOm51bGwsInJlc2l6ZSI6eyJ3aWR0aCI6MjUwLCJoZWlnaHQiOjI1MCwiZml0IjoiY292ZXIifX19",Proppit,2025-12-14T10:26:32.919572+00:00
U2039692,Partial Furnished 3 Storey Semi D Duta Tropika (Publika) For Sale Or Rent,https://www.fazwaz.my/property-rent/5-bedroom-house-for-rent-in-batu-kuala-lumpur-u2039692,"RM11,000","Batu, Kuala Lumpur, Kuala Lumpur",House,5,5,N/A,Partly Furnished,"This property is a 0 Sqft house with 5 bedrooms and 5 bathrooms that is available for rent. It is located in Batu, Kuala Lumpur. You can rent this house long term for RM11,000 per month.","https://img.fazwaz.com/eyJidWNrZXQiOiJwcmQtbGlmdWxsY29ubmVjdC1iYWNrZW5kLWIyYi1pbWFnZXMiLCJrZXkiOiJwcm9wZXJ0aWVzXC8zNzVlOGVhZC04NmMzLTQxZTQtYTZmOS0yYTViMzRjMTVmOTBcL2UwNzViMTI4LTllYjItNDRhOC1iZTI2LTFiNGFhNDlhMTkzOC5qcGciLCJlZGl0cyI6eyJyb3RhdGUiOm51bGwsInJlc2l6ZSI6eyJ3aWR0aCI6OTUwLCJoZWlnaHQiOjUwNSwiZml0IjoiY292ZXIifX19,https://img.fazwaz.com/eyJidWNrZXQiOiJwcmQtbGlmdWxsY29ubmVjdC1iYWNrZW5kLWIyYi1pbWFnZXMiLCJrZXkiOiJwcm9wZXJ0aWVzXC8zNzVlOGVhZC04NmMzLTQxZTQtYTZmOS0yYTViMzRjMTVmOTBcL2M1YzUxNDcxLTEwM2EtNGQ2ZS1iY2Y3LWYwOWVhOTIwOTMzMS5qcGciLCJlZGl0cyI6eyJyb3RhdGUiOm51bGwsInJlc2l6ZSI6eyJ3aWR0aCI6MjUwLCJoZWlnaHQiOjI1MCwiZml0IjoiY292ZXIifX19,https://img.fazwaz.com/eyJidWNrZXQiOiJwcmQtbGlmdWxsY29ubmVjdC1iYWNrZW5kLWIyYi1pbWFnZXMiLCJrZXkiOiJwcm9wZXJ0aWVzXC8zNzVlOGVhZC04NmMzLTQxZTQtYTZmOS0yYTViMzRjMTVmOTBcL2NhZWExZDdkLTQ5MzMtNDNmMC05YjA2LWFiOGMwYTliY2VhOS5qcGciLCJlZGl0cyI6eyJyb3RhdGUiOm51bGwsInJlc2l6ZSI6eyJ3aWR0aCI6MjUwLCJoZWlnaHQiOjI1MCwiZml0IjoiY292ZXIifX19,https://img.fazwaz.com/eyJidWNrZXQiOiJwcmQtbGlmdWxsY29ubmVjdC1iYWNrZW5kLWIyYi1pbWFnZXMiLCJrZXkiOiJwcm9wZXJ0aWVzXC8zNzVlOGVhZC04NmMzLTQxZTQtYTZmOS0yYTViMzRjMTVmOTBcLzhiNzNmOTRjLWU3ZmYtNDc4Zi1iNGM1LTM4ZTg1Njc1MmQyNi5qcGciLCJlZGl0cyI6eyJyb3RhdGUiOm51bGwsInJlc2l6ZSI6eyJ3aWR0aCI6MjUwLCJoZWlnaHQiOjI1MCwiZml0IjoiY292ZXIifX19,https://img.fazwaz.com/eyJidWNrZXQiOiJwcmQtbGlmdWxsY29ubmVjdC1iYWNrZW5kLWIyYi1pbWFnZXMiLCJrZXkiOiJwcm9wZXJ0aWVzXC8zNzVlOGVhZC04NmMzLTQxZTQtYTZmOS0yYTViMzRjMTVmOTBcL2JhYTg0Mjg5LWU0YjgtNDM2OS04YmU3LTk4YmU1MTNkNDJlMC5qcGciLCJlZGl0cyI6eyJyb3RhdGUiOm51bGwsInJlc2l6ZSI6eyJ3aWR0aCI6MjUwLCJoZWlnaHQiOjI1MCwiZml0IjoiY292ZXIifX19",Proppit,2025-12-14T10:26:32.919572+00:00
U2037646,Partial Furnished 3 Storey Semi D Duta Tropika (Publika) For Sale Or Rent,https://www.fazwaz.my/property-rent/5-bedroom-house-for-rent-in-batu-kuala-lumpur-u2037646,"RM11,000","Batu, Kuala Lumpur, Kuala Lumpur",House,5,5,N/A,Partly Furnished,"This property is a 0 Sqft house with 5 bedrooms and 5 bathrooms that is available for rent. It is located in Batu, Kuala Lumpur. You can rent this house long term for RM11,000 per month.","https://img.fazwaz.com/eyJidWNrZXQiOiJwcmQtbGlmdWxsY29ubmVjdC1iYWNrZW5kLWIyYi1pbWFnZXMiLCJrZXkiOiJwcm9wZXJ0aWVzXC8xNWQ3NTFhNy1mN2UyLTQwNjctOGIzMC01ZjdhMzY0MWIxMzhcL2NjYjJkZWUxLTYwMTctNDBiYy1iM2E1LTJhZmI0YzgxN2NlYi5qcGciLCJlZGl0cyI6eyJyb3RhdGUiOm51bGwsInJlc2l6ZSI6eyJ3aWR0aCI6OTUwLCJoZWlnaHQiOjUwNSwiZml0IjoiY292ZXIifX19,https://img.fazwaz.com/eyJidWNrZXQiOiJwcmQtbGlmdWxsY29ubmVjdC1iYWNrZW5kLWIyYi1pbWFnZXMiLCJrZXkiOiJwcm9wZXJ0aWVzXC8xNWQ3NTFhNy1mN2UyLTQwNjctOGIzMC01ZjdhMzY0MWIxMzhcL2U3MmQ2OTU0LTMwNTktNDNmOC1hNzg1LTY4NzNiODY2NDFhMi5qcGciLCJlZGl0cyI6eyJyb3RhdGUiOm51bGwsInJlc2l6ZSI6eyJ3aWR0aCI6MjUwLCJoZWlnaHQiOjI1MCwiZml0IjoiY292ZXIifX19,https://img.fazwaz.com/eyJidWNrZXQiOiJwcmQtbGlmdWxsY29ubmVjdC1iYWNrZW5kLWIyYi1pbWFnZXMiLCJrZXkiOiJwcm9wZXJ0aWVzXC8xNWQ3NTFhNy1mN2UyLTQwNjctOGIzMC01ZjdhMzY0MWIxMzhcLzhkNjJhMTZlLTAzMmMtNDIwZS05OGY5LWQ2NTUyNDFlMjIxOC5qcGciLCJlZGl0cyI6eyJyb3RhdGUiOm51bGwsInJlc2l6ZSI6eyJ3aWR0aCI6MjUwLCJoZWlnaHQiOjI1MCwiZml0IjoiY292ZXIifX19,https://img.fazwaz.com/eyJidWNrZXQiOiJwcmQtbGlmdWxsY29ubmVjdC1iYWNrZW5kLWIyYi1pbWFnZXMiLCJrZXkiOiJwcm9wZXJ0aWVzXC8xNWQ3NTFhNy1mN2UyLTQwNjctOGIzMC01ZjdhMzY0MWIxMzhcLzU2MzllMDc1LTNjMzYtNGFhYy05ZDk3LThkYzRjNTc2YWYyMy5qcGciLCJlZGl0cyI6eyJyb3RhdGUiOm51bGwsInJlc2l6ZSI6eyJ3aWR0aCI6MjUwLCJoZWlnaHQiOjI1MCwiZml0IjoiY292ZXIifX19,https://img.fazwaz.com/eyJidWNrZXQiOiJwcmQtbGlmdWxsY29ubmVjdC1iYWNrZW5kLWIyYi1pbWFnZXMiLCJrZXkiOiJwcm9wZXJ0aWVzXC8xNWQ3NTFhNy1mN2UyLTQwNjctOGIzMC01ZjdhMzY0MWIxMzhcLzZjNzY3YTU0LTRlZjktNDkzNS1hZTA1LTk1MzYwMzI0Y2ZlOC5qcGciLCJlZGl0cyI6eyJyb3RhdGUiOm51bGwsInJlc2l6ZSI6eyJ3aWR0aCI6MjUwLCJoZWlnaHQiOjI1MCwiZml0IjoiY292ZXIifX19",Proppit,2025-12-14T10:26:32.919572+00:00
U2039192,3 Sty Bungalow for Rent in Jln Damai Jln Ampang KL,https://www.fazwaz.my/property-rent/6-bedroom-house-for-rent-in-bandar-kuala-lumpur-kuala-lumpur-u2039192,"RM20,000","Bandar Kuala Lumpur, Kuala Lumpur, Kuala Lumpur",House,6,8,N/A,Partly Furnished,"This property is a 7,134 Sqft house with 6 bedrooms and 8 bathrooms that is available for rent. It is located in Bandar Kuala Lumpur, Kuala Lumpur. You can rent this house long term for RM20,000 per month.",https://img.fazwaz.com/eyJidWNrZXQiOiJwcmQtbGlmdWxsY29ubmVjdC1iYWNrZW5kLWIyYi1pbWFnZXMiLCJrZXkiOiJpbmdlc3RlclwvNzA4NThmZmEtZTk3Yy00ODM1LWE3NTItNzM4NTUwZjQ1M2JjXC9ob21lLTEuanBnIiwiZWRpdHMiOnsicm90YXRlIjpudWxsLCJyZXNpemUiOnsid2lkdGgiOjk1MCwiaGVpZ2h0Ijo1MDUsImZpdCI6ImNvdmVyIn19fQ==,Proppit,2025-12-14T10:26:32.919572+00:00
U2032315,"Ground Floor Shoplot for Rent in Plaza Damas, Sri Hartamas KL",https://www.fazwaz.my/property-rent/house-for-rent-in-bandar-kuala-lumpur-kuala-lumpur-u2032315,"RM7,000","Bandar Kuala Lumpur, Kuala Lumpur, Kuala Lumpur",House,0,0,N/A,Unfurnished,"It is located in Bandar Kuala Lumpur, Kuala Lumpur. You can rent this house long term for RM7,000 per month.","https://img.fazwaz.com/eyJidWNrZXQiOiJwcmQtbGlmdWxsY29ubmVjdC1iYWNrZW5kLWIyYi1pbWFnZXMiLCJrZXkiOiJpbmdlc3RlclwvY2M2ODNhOWYtNjUxYS00MjJiLTk5ZTMtZDFlMTU2NjQ2OTlkXC9ob21lLTEuanBnIiwiZWRpdHMiOnsicm90YXRlIjpudWxsLCJyZXNpemUiOnsid2lkdGgiOjk1MCwiaGVpZ2h0Ijo1MDUsImZpdCI6ImNvdmVyIn19fQ==,https://img.fazwaz.com/eyJidWNrZXQiOiJwcmQtbGlmdWxsY29ubmVjdC1iYWNrZW5kLWIyYi1pbWFnZXMiLCJrZXkiOiJpbmdlc3RlclwvY2M2ODNhOWYtNjUxYS00MjJiLTk5ZTMtZDFlMTU2NjQ2OTlkXC9ob21lLTIuanBnIiwiZWRpdHMiOnsicm90YXRlIjpudWxsLCJyZXNpemUiOnsid2lkdGgiOjI1MCwiaGVpZ2h0IjoyNTAsImZpdCI6ImNvdmVyIn19fQ==,https://img.fazwaz.com/eyJidWNrZXQiOiJwcmQtbGlmdWxsY29ubmVjdC1iYWNrZW5kLWIyYi1pbWFnZXMiLCJrZXkiOiJpbmdlc3RlclwvY2M2ODNhOWYtNjUxYS00MjJiLTk5ZTMtZDFlMTU2NjQ2OTlkXC9ob21lLTMuanBnIiwiZWRpdHMiOnsicm90YXRlIjpudWxsLCJyZXNpemUiOnsid2lkdGgiOjI1MCwiaGVpZ2h0IjoyNTAsImZpdCI6ImNvdmVyIn19fQ==,https://img.fazwaz.com/eyJidWNrZXQiOiJwcmQtbGlmdWxsY29ubmVjdC1iYWNrZW5kLWIyYi1pbWFnZXMiLCJrZXkiOiJpbmdlc3RlclwvY2M2ODNhOWYtNjUxYS00MjJiLTk5ZTMtZDFlMTU2NjQ2OTlkXC9ob21lLTQuanBnIiwiZWRpdHMiOnsicm90YXRlIjpudWxsLCJyZXNpemUiOnsid2lkdGgiOjI1MCwiaGVpZ2h0IjoyNTAsImZpdCI6ImNvdmVyIn19fQ==,https://img.fazwaz.com/eyJidWNrZXQiOiJwcmQtbGlmdWxsY29ubmVjdC1iYWNrZW5kLWIyYi1pbWFnZXMiLCJrZXkiOiJpbmdlc3RlclwvY2M2ODNhOWYtNjUxYS00MjJiLTk5ZTMtZDFlMTU2NjQ2OTlkXC9ob21lLTUuanBnIiwiZWRpdHMiOnsicm90YXRlIjpudWxsLCJyZXNpemUiOnsid2lkdGgiOjI1MCwiaGVpZ2h0IjoyNTAsImZpdCI6ImNvdmVyIn19fQ==",Proppit,2025-12-14T10:26:32.919572+00:00
U2041604,Old Bungalow House for Rent in Jalan Sultan Yahya Petra,https://www.fazwaz.my/property-rent/house-for-rent-in-bandar-kuala-lumpur-kuala-lumpur-u2041604,"RM26,000","Bandar Kuala Lumpur, Kuala Lumpur, Kuala Lumpur",House,0,0,N/A,Partly Furnished,"It is located in Bandar Kuala Lumpur, Kuala Lumpur. You can rent this house long term for RM26,000 per month.","https://img.fazwaz.com/eyJidWNrZXQiOiJwcmQtbGlmdWxsY29ubmVjdC1iYWNrZW5kLWIyYi1pbWFnZXMiLCJrZXkiOiJpbmdlc3RlclwvYjc1ZTEyYjUtNTBhNi00NDU5LTk2NDItMmMyNmE1NWQ3MjM4XC9ob21lLTEuanBnIiwiZWRpdHMiOnsicm90YXRlIjpudWxsLCJyZXNpemUiOnsid2lkdGgiOjk1MCwiaGVpZ2h0Ijo1MDUsImZpdCI6ImNvdmVyIn19fQ==,https://img.fazwaz.com/eyJidWNrZXQiOiJwcmQtbGlmdWxsY29ubmVjdC1iYWNrZW5kLWIyYi1pbWFnZXMiLCJrZXkiOiJpbmdlc3RlclwvYjc1ZTEyYjUtNTBhNi00NDU5LTk2NDItMmMyNmE1NWQ3MjM4XC9ob21lLTIuanBnIiwiZWRpdHMiOnsicm90YXRlIjpudWxsLCJyZXNpemUiOnsid2lkdGgiOjI1MCwiaGVpZ2h0IjoyNTAsImZpdCI6ImNvdmVyIn19fQ==,https://img.fazwaz.com/eyJidWNrZXQiOiJwcmQtbGlmdWxsY29ubmVjdC1iYWNrZW5kLWIyYi1pbWFnZXMiLCJrZXkiOiJpbmdlc3RlclwvYjc1ZTEyYjUtNTBhNi00NDU5LTk2NDItMmMyNmE1NWQ3MjM4XC9ob21lLTMuanBnIiwiZWRpdHMiOnsicm90YXRlIjpudWxsLCJyZXNpemUiOnsid2lkdGgiOjI1MCwiaGVpZ2h0IjoyNTAsImZpdCI6ImNvdmVyIn19fQ==,https://img.fazwaz.com/eyJidWNrZXQiOiJwcmQtbGlmdWxsY29ubmVjdC1iYWNrZW5kLWIyYi1pbWFnZXMiLCJrZXkiOiJpbmdlc3RlclwvYjc1ZTEyYjUtNTBhNi00NDU5LTk2NDItMmMyNmE1NWQ3MjM4XC9ob21lLTQuanBnIiwiZWRpdHMiOnsicm90YXRlIjpudWxsLCJyZXNpemUiOnsid2lkdGgiOjI1MCwiaGVpZ2h0IjoyNTAsImZpdCI6ImNvdmVyIn19fQ==,https://img.fazwaz.com/eyJidWNrZXQiOiJwcmQtbGlmdWxsY29ubmVjdC1iYWNrZW5kLWIyYi1pbWFnZXMiLCJrZXkiOiJpbmdlc3RlclwvYjc1ZTEyYjUtNTBhNi00NDU5LTk2NDItMmMyNmE1NWQ3MjM4XC9ob21lLTUuanBnIiwiZWRpdHMiOnsicm90YXRlIjpudWxsLCJyZXNpemUiOnsid2lkdGgiOjI1MCwiaGVpZ2h0IjoyNTAsImZpdCI6ImNvdmVyIn19fQ==",Proppit,2025-12-14T10:26:32.919572+00:00
U2037217,"3 Storey 8 Units Apartment for Sale &amp; Rent in Lorong Damai Datuk Keramat, KL",https://www.fazwaz.my/property-rent/8-bedroom-house-for-rent-in-bandar-kuala-lumpur-kuala-lumpur-u2037217,"RM20,000","Bandar Kuala Lumpur, Kuala Lumpur, Kuala Lumpur",House,8,8,N/A,Partly Furnished,"This property is a 11,906 Sqft house with 8 bedrooms and 8 bathrooms that is available for rent. It is located in Bandar Kuala Lumpur, Kuala Lumpur. You can rent this house for RM20,000 per month and it is also available for sale for RM8,000,000.","https://img.fazwaz.com/eyJidWNrZXQiOiJwcmQtbGlmdWxsY29ubmVjdC1iYWNrZW5kLWIyYi1pbWFnZXMiLCJrZXkiOiJpbmdlc3RlclwvN2NhNzZkYTUtNjI1NS00ZGU0LWE5NzQtMDBiYjExYjIzNzQ0XC9ob21lLTEuanBnIiwiZWRpdHMiOnsicm90YXRlIjpudWxsLCJyZXNpemUiOnsid2lkdGgiOjk1MCwiaGVpZ2h0Ijo1MDUsImZpdCI6ImNvdmVyIn19fQ==,https://img.fazwaz.com/eyJidWNrZXQiOiJwcmQtbGlmdWxsY29ubmVjdC1iYWNrZW5kLWIyYi1pbWFnZXMiLCJrZXkiOiJpbmdlc3RlclwvN2NhNzZkYTUtNjI1NS00ZGU0LWE5NzQtMDBiYjExYjIzNzQ0XC9ob21lLTIuanBnIiwiZWRpdHMiOnsicm90YXRlIjpudWxsLCJyZXNpemUiOnsid2lkdGgiOjI1MCwiaGVpZ2h0IjoyNTAsImZpdCI6ImNvdmVyIn19fQ==,https://img.fazwaz.com/eyJidWNrZXQiOiJwcmQtbGlmdWxsY29ubmVjdC1iYWNrZW5kLWIyYi1pbWFnZXMiLCJrZXkiOiJpbmdlc3RlclwvN2NhNzZkYTUtNjI1NS00ZGU0LWE5NzQtMDBiYjExYjIzNzQ0XC9ob21lLTMuanBnIiwiZWRpdHMiOnsicm90YXRlIjpudWxsLCJyZXNpemUiOnsid2lkdGgiOjI1MCwiaGVpZ2h0IjoyNTAsImZpdCI6ImNvdmVyIn19fQ==,https://img.fazwaz.com/eyJidWNrZXQiOiJwcmQtbGlmdWxsY29ubmVjdC1iYWNrZW5kLWIyYi1pbWFnZXMiLCJrZXkiOiJpbmdlc3RlclwvN2NhNzZkYTUtNjI1NS00ZGU0LWE5NzQtMDBiYjExYjIzNzQ0XC9ob21lLTQuanBnIiwiZWRpdHMiOnsicm90YXRlIjpudWxsLCJyZXNpemUiOnsid2lkdGgiOjI1MCwiaGVpZ2h0IjoyNTAsImZpdCI6ImNvdmVyIn19fQ==,https://img.fazwaz.com/eyJidWNrZXQiOiJwcmQtbGlmdWxsY29ubmVjdC1iYWNrZW5kLWIyYi1pbWFnZXMiLCJrZXkiOiJpbmdlc3RlclwvN2NhNzZkYTUtNjI1NS00ZGU0LWE5NzQtMDBiYjExYjIzNzQ0XC9ob21lLTUuanBnIiwiZWRpdHMiOnsicm90YXRlIjpudWxsLCJyZXNpemUiOnsid2lkdGgiOjI1MCwiaGVpZ2h0IjoyNTAsImZpdCI6ImNvdmVyIn19fQ==",Proppit,2025-12-14T10:26:32.919572+00:00
U2032016,3 Sty Superlink for Rent @ Duta Tropika Mont Kiara,https://www.fazwaz.my/property-rent/5-bedroom-house-for-rent-in-bandar-kuala-lumpur-kuala-lumpur-u2032016,"RM12,000","Bandar Kuala Lumpur, Kuala Lumpur, Kuala Lumpur",House,5,5,N/A,Fully Furnished,"This property is a 4,300 Sqft house with 5 bedrooms and 5 bathrooms that is available for rent. It is located in Bandar Kuala Lumpur, Kuala Lumpur. You can rent this house long term for RM12,000 per month.","https://img.fazwaz.com/eyJidWNrZXQiOiJwcmQtbGlmdWxsY29ubmVjdC1iYWNrZW5kLWIyYi1pbWFnZXMiLCJrZXkiOiJpbmdlc3RlclwvZTQ0ZjU4NjctOTk0OS00NDcxLTlkMzAtZTFjYzc4OWVlY2IyXC9ob21lLTEuanBnIiwiZWRpdHMiOnsicm90YXRlIjpudWxsLCJyZXNpemUiOnsid2lkdGgiOjk1MCwiaGVpZ2h0Ijo1MDUsImZpdCI6ImNvdmVyIn19fQ==,https://img.fazwaz.com/eyJidWNrZXQiOiJwcmQtbGlmdWxsY29ubmVjdC1iYWNrZW5kLWIyYi1pbWFnZXMiLCJrZXkiOiJpbmdlc3RlclwvZTQ0ZjU4NjctOTk0OS00NDcxLTlkMzAtZTFjYzc4OWVlY2IyXC9ob21lLTIuanBnIiwiZWRpdHMiOnsicm90YXRlIjpudWxsLCJyZXNpemUiOnsid2lkdGgiOjI1MCwiaGVpZ2h0IjoyNTAsImZpdCI6ImNvdmVyIn19fQ==,https://img.fazwaz.com/eyJidWNrZXQiOiJwcmQtbGlmdWxsY29ubmVjdC1iYWNrZW5kLWIyYi1pbWFnZXMiLCJrZXkiOiJpbmdlc3RlclwvZTQ0ZjU4NjctOTk0OS00NDcxLTlkMzAtZTFjYzc4OWVlY2IyXC9ob21lLTMuanBnIiwiZWRpdHMiOnsicm90YXRlIjpudWxsLCJyZXNpemUiOnsid2lkdGgiOjI1MCwiaGVpZ2h0IjoyNTAsImZpdCI6ImNvdmVyIn19fQ==,https://img.fazwaz.com/eyJidWNrZXQiOiJwcmQtbGlmdWxsY29ubmVjdC1iYWNrZW5kLWIyYi1pbWFnZXMiLCJrZXkiOiJpbmdlc3RlclwvZTQ0ZjU4NjctOTk0OS00NDcxLTlkMzAtZTFjYzc4OWVlY2IyXC9ob21lLTQuanBnIiwiZWRpdHMiOnsicm90YXRlIjpudWxsLCJyZXNpemUiOnsid2lkdGgiOjI1MCwiaGVpZ2h0IjoyNTAsImZpdCI6ImNvdmVyIn19fQ==,https://img.fazwaz.com/eyJidWNrZXQiOiJwcmQtbGlmdWxsY29ubmVjdC1iYWNrZW5kLWIyYi1pbWFnZXMiLCJrZXkiOiJpbmdlc3RlclwvZTQ0ZjU4NjctOTk0OS00NDcxLTlkMzAtZTFjYzc4OWVlY2IyXC9ob21lLTUuanBnIiwiZWRpdHMiOnsicm90YXRlIjpudWxsLCJyZXNpemUiOnsid2lkdGgiOjI1MCwiaGVpZ2h0IjoyNTAsImZpdCI6ImNvdmVyIn19fQ==",Proppit,2025-12-14T10:26:32.919572+00:00
U2042880,"Newly Painted Double Storey at SD8, Sri Damansara",https://www.fazwaz.my/property-rent/4-bedroom-house-for-rent-in-bandar-kuala-lumpur-kuala-lumpur-u2042880,"RM1,950","Bandar Kuala Lumpur, Kuala Lumpur, Kuala Lumpur",House,4,3,N/A,Partly Furnished,"This property is a 17,760 Sqft house with 4 bedrooms and 3 bathrooms that is available for rent. It is located in Bandar Kuala Lumpur, Kuala Lumpur. You can rent this house long term for RM1,950 per month.","https://img.fazwaz.com/eyJidWNrZXQiOiJwcmQtbGlmdWxsY29ubmVjdC1iYWNrZW5kLWIyYi1pbWFnZXMiLCJrZXkiOiJpbmdlc3RlclwvZjQ0MjlmZWItOWI2NS00OWRiLWFjZTAtNTJkMTA0MTgzNTdkXC9ob21lLTEuanBnIiwiZWRpdHMiOnsicm90YXRlIjpudWxsLCJyZXNpemUiOnsid2lkdGgiOjk1MCwiaGVpZ2h0Ijo1MDUsImZpdCI6ImNvdmVyIn19fQ==,https://img.fazwaz.com/eyJidWNrZXQiOiJwcmQtbGlmdWxsY29ubmVjdC1iYWNrZW5kLWIyYi1pbWFnZXMiLCJrZXkiOiJpbmdlc3RlclwvZjQ0MjlmZWItOWI2NS00OWRiLWFjZTAtNTJkMTA0MTgzNTdkXC9ob21lLTIuanBnIiwiZWRpdHMiOnsicm90YXRlIjpudWxsLCJyZXNpemUiOnsid2lkdGgiOjI1MCwiaGVpZ2h0IjoyNTAsImZpdCI6ImNvdmVyIn19fQ==,https://img.fazwaz.com/eyJidWNrZXQiOiJwcmQtbGlmdWxsY29ubmVjdC1iYWNrZW5kLWIyYi1pbWFnZXMiLCJrZXkiOiJpbmdlc3RlclwvZjQ0MjlmZWItOWI2NS00OWRiLWFjZTAtNTJkMTA0MTgzNTdkXC9ob21lLTMuanBnIiwiZWRpdHMiOnsicm90YXRlIjpudWxsLCJyZXNpemUiOnsid2lkdGgiOjI1MCwiaGVpZ2h0IjoyNTAsImZpdCI6ImNvdmVyIn19fQ==,https://img.fazwaz.com/eyJidWNrZXQiOiJwcmQtbGlmdWxsY29ubmVjdC1iYWNrZW5kLWIyYi1pbWFnZXMiLCJrZXkiOiJpbmdlc3RlclwvZjQ0MjlmZWItOWI2NS00OWRiLWFjZTAtNTJkMTA0MTgzNTdkXC9ob21lLTQuanBnIiwiZWRpdHMiOnsicm90YXRlIjpudWxsLCJyZXNpemUiOnsid2lkdGgiOjI1MCwiaGVpZ2h0IjoyNTAsImZpdCI6ImNvdmVyIn19fQ==,https://img.fazwaz.com/eyJidWNrZXQiOiJwcmQtbGlmdWxsY29ubmVjdC1iYWNrZW5kLWIyYi1pbWFnZXMiLCJrZXkiOiJpbmdlc3RlclwvZjQ0MjlmZWItOWI2NS00OWRiLWFjZTAtNTJkMTA0MTgzNTdkXC9ob21lLTUuanBnIiwiZWRpdHMiOnsicm90YXRlIjpudWxsLCJyZXNpemUiOnsid2lkdGgiOjI1MCwiaGVpZ2h0IjoyNTAsImZpdCI6ImNvdmVyIn19fQ==",Proppit,2025-12-14T10:26:32.919572+00:00
U2034777,"Stylish &amp; Modern Contemporary Bungalow to Let @ Jln Ampang Kiri, KL",https://www.fazwaz.my/property-rent/5-bedroom-house-for-rent-in-bandar-kuala-lumpur-kuala-lumpur-u2034777,"RM18,000","Bandar Kuala Lumpur, Kuala Lumpur, Kuala Lumpur",House,5,5,N/A,Fully Furnished,"This property is a 12,600 Sqft house with 5 bedrooms and 5 bathrooms that is available for rent. It is located in Bandar Kuala Lumpur, Kuala Lumpur. You can rent this house long term for RM18,000 per month.","https://img.fazwaz.com/eyJidWNrZXQiOiJwcmQtbGlmdWxsY29ubmVjdC1iYWNrZW5kLWIyYi1pbWFnZXMiLCJrZXkiOiJpbmdlc3RlclwvMjA5MWY0NWQtYTExZi00NWZjLTlmODUtNjdlOWRlODU2ZTU0XC9ob21lLTEuanBnIiwiZWRpdHMiOnsicm90YXRlIjpudWxsLCJyZXNpemUiOnsid2lkdGgiOjk1MCwiaGVpZ2h0Ijo1MDUsImZpdCI6ImNvdmVyIn19fQ==,https://img.fazwaz.com/eyJidWNrZXQiOiJwcmQtbGlmdWxsY29ubmVjdC1iYWNrZW5kLWIyYi1pbWFnZXMiLCJrZXkiOiJpbmdlc3RlclwvMjA5MWY0NWQtYTExZi00NWZjLTlmODUtNjdlOWRlODU2ZTU0XC9ob21lLTIuanBnIiwiZWRpdHMiOnsicm90YXRlIjpudWxsLCJyZXNpemUiOnsid2lkdGgiOjI1MCwiaGVpZ2h0IjoyNTAsImZpdCI6ImNvdmVyIn19fQ==,https://img.fazwaz.com/eyJidWNrZXQiOiJwcmQtbGlmdWxsY29ubmVjdC1iYWNrZW5kLWIyYi1pbWFnZXMiLCJrZXkiOiJpbmdlc3RlclwvMjA5MWY0NWQtYTExZi00NWZjLTlmODUtNjdlOWRlODU2ZTU0XC9ob21lLTMuanBnIiwiZWRpdHMiOnsicm90YXRlIjpudWxsLCJyZXNpemUiOnsid2lkdGgiOjI1MCwiaGVpZ2h0IjoyNTAsImZpdCI6ImNvdmVyIn19fQ==,https://img.fazwaz.com/eyJidWNrZXQiOiJwcmQtbGlmdWxsY29ubmVjdC1iYWNrZW5kLWIyYi1pbWFnZXMiLCJrZXkiOiJpbmdlc3RlclwvMjA5MWY0NWQtYTExZi00NWZjLTlmODUtNjdlOWRlODU2ZTU0XC9ob21lLTQuanBnIiwiZWRpdHMiOnsicm90YXRlIjpudWxsLCJyZXNpemUiOnsid2lkdGgiOjI1MCwiaGVpZ2h0IjoyNTAsImZpdCI6ImNvdmVyIn19fQ==,https://img.fazwaz.com/eyJidWNrZXQiOiJwcmQtbGlmdWxsY29ubmVjdC1iYWNrZW5kLWIyYi1pbWFnZXMiLCJrZXkiOiJpbmdlc3RlclwvMjA5MWY0NWQtYTExZi00NWZjLTlmODUtNjdlOWRlODU2ZTU0XC9ob21lLTUuanBnIiwiZWRpdHMiOnsicm90YXRlIjpudWxsLCJyZXNpemUiOnsid2lkdGgiOjI1MCwiaGVpZ2h0IjoyNTAsImZpdCI6ImNvdmVyIn19fQ==",Proppit,2025-12-14T10:26:32.919572+00:00
U480672,"Mont Kiara, Kuala Lumpur",https://www.fazwaz.my/property-rent/5-bedroom-townhouse-for-rent-in-batu-kuala-lumpur-u480672,"RM8,500","Batu, Kuala Lumpur, Kuala Lumpur",Townhouse,5,6,N/A,N/A,"This property is a 40,903 Sqft townhouse with 5 bedrooms and 6 bathrooms that is available for rent. It is located in Batu, Kuala Lumpur. You can rent this townhouse long term for RM8,500 per month.","https://cdn.fazwaz.com/wbr/zriVYgg5fB4_jLMfaWO78ca2uCo/2850x1515/unit/480672/1-da40f72a00dd280a50f665b23230c7c3.jpg,https://cdn.fazwaz.com/wbr/io4Zgkgnekp48GGAhYxvvqxRpYI/250x250/unit/480672/3-fadad5333491be9a740ca8da5a2ceb4c.jpg,https://cdn.fazwaz.com/wbr/q4Jmf_ljmf8_j1P_SIA-Hx1_9v4/250x250/unit/480672/4-cb5727a6c3b083c2c695ff3ba86d82c5.jpg,https://cdn.fazwaz.com/wbr/Xjfbn-wggUx3VLB3dHzL99ZC4QM/250x250/unit/480672/5-716e5d3a4f4aa1455c06b9e58749fb9a.jpg,https://cdn.fazwaz.com/wbr/v2oeAbPUZUSFFePsY1LoyqTGvXY/250x250/unit/480672/6-aa81126b67d65cae5c09e97582ab5b03.jpg",Agent / Partner,2025-12-14T10:26:32.919572+00:00
U527324,4 Bedroom Townhouse for rent at Desa ParkCity,https://www.fazwaz.my/property-rent/4-bedroom-townhouse-for-rent-at-desa-parkcity-in-batu-kuala-lumpur-u527324,"RM7,000","Batu, Kuala Lumpur, Kuala Lumpur",Townhouse,4,5,N/A,N/A,"This property is a 2,630 Sqft townhouse with 4 bedrooms and 5 bathrooms that is available for rent. It is part of the Desa ParkCity project in Batu, Kuala Lumpur and was completed in Oct 2011. You can rent this townhouse long term for RM7,000 per month.","https://cdn.fazwaz.com/wbr/iZQHoIxsjAEuiPOSdCqAEwBkyks/2850x1515/unit/527324/1-548736c1385185097e10b8dfd23a99ed.jpg,https://cdn.fazwaz.com/wbr/pprRkviHbY2Zj0cFxbXzJG8wiKw/250x250/unit/527324/3-879988b459659a47e47ba3eb265f2237.jpg,https://cdn.fazwaz.com/wbr/ki6FLlTVNcdlRpJ7VPlhWUFeBR4/250x250/unit/527324/4-07d24e8b216d082f2ae03ef9dc535d91.jpg,https://cdn.fazwaz.com/wbr/drTe_5AcRFq4SaOVquLK1P2orG8/250x250/unit/527324/5-abcf6a410ac08b88c66183291df5ac7b.jpg,https://cdn.fazwaz.com/wbr/VIw4yVQvQQYNp1UMoZLYmVLBdRQ/250x250/unit/527324/6-bd6610a79441ea9d3e44f1d13f0c366e.jpg",Agent / Partner,2025-12-14T10:26:32.919572+00:00
U478560,"Mont Kiara, Kuala Lumpur",https://www.fazwaz.my/property-rent/5-bedroom-house-for-rent-in-batu-kuala-lumpur-u478560,"RM16,000","Batu, Kuala Lumpur, Kuala Lumpur",House,5,4,"4,499 Sqft",N/A,"This property is a 3,800 Sqft house with 5 bedrooms and 4 bathrooms that is available for rent. It is located in Batu, Kuala Lumpur. You can rent this house long term for RM16,000 per month.","https://cdn.fazwaz.com/wbr/Dgy8LZuBUc1Xv0ODcM2sfcJRZPg/2850x1515/unit/478560/1-546c769a96ea0e9518fe631f5db22e7e.jpg,https://cdn.fazwaz.com/wbr/cRR6OxTDmVqYC8C_kr1NpRlzq4I/250x250/unit/478560/2-546c769a96ea0e9518fe631f5db22e7e.jpg,https://cdn.fazwaz.com/wbr/tMzFjoq7--VXZiG3okgtFMjVOzE/250x250/unit/478560/3-4cba9c32825ef8d58024cec0d4eeec69.jpg,https://cdn.fazwaz.com/wbr/YO0jAYb4wZhl5vD8xqfYndkPKyM/250x250/unit/478560/4-bcc324c2ec70942fcee29d0328e677cb.jpg,https://cdn.fazwaz.com/wbr/Ljb5nb82NcGf5PQ-oas63RdMkVA/250x250/unit/478560/5-86a062f70858ddf967a02e8e0b3e86d1.jpg",Agent / Partner,2025-12-14T10:26:32.919572+00:00
U527372,9 Bedroom House for rent at Mont Kiara,https://www.fazwaz.my/property-rent/9-bedroom-house-for-rent-at-mont-kiara-in-kuala-lumpur-kuala-lumpur-u527372,"RM18,000","Kuala Lumpur, Kuala Lumpur, Kuala Lumpur",House,9,7,"11,001 Sqft",N/A,"This property is a 14,000 Sqft house with 9 bedrooms and 7 bathrooms that is available for rent. It is part of the Mont Kiara project in Kuala Lumpur, Kuala Lumpur and was completed in Oct 2022. You can rent this house long term for RM18,000 per month.","https://cdn.fazwaz.com/wbr/BxJLCqvO6LT3CsYG_2fgKsUmd7k/2850x1515/unit/527372/1-3f5bd9cd7de1dcc43887d5a701c9a743.jpg,https://cdn.fazwaz.com/wbr/gZuuPO_EZ-QlZKe9sbi_JM4Z6AU/250x250/unit/527372/3-771c0a63f66011054e069428220e7730.jpg,https://cdn.fazwaz.com/wbr/MgBQ6c1VEMtPMav_1VrEKKgDGag/250x250/unit/527372/4-9a3c404990b9e826504434fe5aa45d02.jpg,https://cdn.fazwaz.com/wbr/euK1ISIkR22Axkc3GkSb-Irn4Uk/250x250/unit/527372/5-374bcf13d416145a99874e233c939f75.jpg,https://cdn.fazwaz.com/wbr/EHoyig34QQfNz5-k-YNaB_ix1TA/250x250/unit/527372/6-016e5c6b858aac9d4240a4ded38b9728.jpg",Agent / Partner,2025-12-14T10:26:32.919572+00:00
U483704,"Setapak, Kuala Lumpur",https://www.fazwaz.my/property-rent/6-bedroom-townhouse-for-rent-in-setapak-kuala-lumpur-u483704,"RM3,500","Setapak, Kuala Lumpur, Kuala Lumpur",Townhouse,6,5,N/A,N/A,"This property is a 3,500 Sqft townhouse with 6 bedrooms and 5 bathrooms that is available for rent. It is located in Setapak, Kuala Lumpur. You can rent this townhouse long term for RM3,500 per month.","https://cdn.fazwaz.com/wbr/P29joMf3tQyCQ9A9xqK_cmQsvhU/2850x1515/unit/483704/1-092f03e5a720691f39cb534195a6abc6.jpg,https://cdn.fazwaz.com/wbr/tExhDK_8lkTDEgXYlhCzEbWWnEw/250x250/unit/483704/3-21a6716576eb44395a440f6070ee2ae8.jpg,https://cdn.fazwaz.com/wbr/LC7zEzhfdK1CoKONcSyv4orXlr0/250x250/unit/483704/4-0614aab14b6a3cc36d836d558ce9f221.jpg,https://cdn.fazwaz.com/wbr/y4oqKJajtz1mOm8upQrfnWRr1x4/250x250/unit/483704/5-038f6e539b6f7b6bb974dd7f61658ee1.jpg,https://cdn.fazwaz.com/wbr/YFIgbLXwl8KHh2pp2HgND_BrH6s/250x250/unit/483704/6-0f168923545000e7b30606f3ffd8a1d9.jpg",Agent / Partner,2025-12-14T10:26:32.919572+00:00
U524398,6 Bedroom House for rent at Jalan Klang Lama (Old Klang Road),https://www.fazwaz.my/property-rent/6-bedroom-house-for-rent-at-jalan-klang-lama-old-klang-road-in-petaling-kuala-lumpur-u524398,"RM4,800","Petaling, Kuala Lumpur, Kuala Lumpur",House,6,6,N/A,N/A,"This property is a 4,000 Sqft house with 6 bedrooms and 6 bathrooms that is available for rent. It is part of the Jalan Klang Lama (Old Klang Road) project in Petaling, Kuala Lumpur and was completed in Apr 2023. You can rent this house long term for RM4,800 per month.","https://cdn.fazwaz.com/wbr/cRPCm2Y1RtdDBAWNhCh1HxjzYIE/2850x1515/unit/524398/1-38d6d66e230c2febffaae100b27126de.jpg,https://cdn.fazwaz.com/wbr/NC5bEByFgNNNb_Ev8rPp-YprLwg/250x250/unit/524398/3-b339b8a16d24e290aedfd73a4e245654.jpg,https://cdn.fazwaz.com/wbr/ADSM880vn4uikl8OiRkidpZLmwc/250x250/unit/524398/4-4b4e47b2071fe923c011a85c560355a7.jpg,https://cdn.fazwaz.com/wbr/DUQ2hoTGoCLGXK1_cUv_fnyhI_k/250x250/unit/524398/5-7a5949d31466431a8096d52e72e7b2f3.jpg,https://cdn.fazwaz.com/wbr/rKOomWIR2uVqBcS0XVlaLbjsyTY/250x250/unit/524398/6-e8a9ee0fcad6c6c192cec23d1f7c1a6a.jpg",Agent / Partner,2025-12-14T10:26:32.919572+00:00
U2035305,Very Cozy and Resort Style Townhouse for Rent at AlBakri Court Ampang Hilir,https://www.fazwaz.my/property-rent/3-bedroom-townhouse-for-rent-in-ampang-kuala-lumpur-u2035305,"RM4,500","Ampang, Kuala Lumpur, Kuala Lumpur",Townhouse,3,3,N/A,Partly Furnished,"This property is a 3,164 Sqft townhouse with 3 bedrooms and 3 bathrooms that is available for rent. It is located in Ampang, Kuala Lumpur. You can rent this townhouse for RM4,500 per month and it is also available for sale for RM55,000,000.","https://img.fazwaz.com/eyJidWNrZXQiOiJwcmQtbGlmdWxsY29ubmVjdC1iYWNrZW5kLWIyYi1pbWFnZXMiLCJrZXkiOiJpbmdlc3RlclwvZDVjNTE0NmUtYWQ0MC00NTkyLThjYjMtYzA5ODg2Mjk0OTI4XC9ob21lLTEuanBnIiwiZWRpdHMiOnsicm90YXRlIjpudWxsLCJyZXNpemUiOnsid2lkdGgiOjk1MCwiaGVpZ2h0Ijo1MDUsImZpdCI6ImNvdmVyIn19fQ==,https://img.fazwaz.com/eyJidWNrZXQiOiJwcmQtbGlmdWxsY29ubmVjdC1iYWNrZW5kLWIyYi1pbWFnZXMiLCJrZXkiOiJpbmdlc3RlclwvZDVjNTE0NmUtYWQ0MC00NTkyLThjYjMtYzA5ODg2Mjk0OTI4XC9ob21lLTIuanBnIiwiZWRpdHMiOnsicm90YXRlIjpudWxsLCJyZXNpemUiOnsid2lkdGgiOjI1MCwiaGVpZ2h0IjoyNTAsImZpdCI6ImNvdmVyIn19fQ==,https://img.fazwaz.com/eyJidWNrZXQiOiJwcmQtbGlmdWxsY29ubmVjdC1iYWNrZW5kLWIyYi1pbWFnZXMiLCJrZXkiOiJpbmdlc3RlclwvZDVjNTE0NmUtYWQ0MC00NTkyLThjYjMtYzA5ODg2Mjk0OTI4XC9ob21lLTMuanBnIiwiZWRpdHMiOnsicm90YXRlIjpudWxsLCJyZXNpemUiOnsid2lkdGgiOjI1MCwiaGVpZ2h0IjoyNTAsImZpdCI6ImNvdmVyIn19fQ==,https://img.fazwaz.com/eyJidWNrZXQiOiJwcmQtbGlmdWxsY29ubmVjdC1iYWNrZW5kLWIyYi1pbWFnZXMiLCJrZXkiOiJpbmdlc3RlclwvZDVjNTE0NmUtYWQ0MC00NTkyLThjYjMtYzA5ODg2Mjk0OTI4XC9ob21lLTQuanBnIiwiZWRpdHMiOnsicm90YXRlIjpudWxsLCJyZXNpemUiOnsid2lkdGgiOjI1MCwiaGVpZ2h0IjoyNTAsImZpdCI6ImNvdmVyIn19fQ==,https://img.fazwaz.com/eyJidWNrZXQiOiJwcmQtbGlmdWxsY29ubmVjdC1iYWNrZW5kLWIyYi1pbWFnZXMiLCJrZXkiOiJpbmdlc3RlclwvZDVjNTE0NmUtYWQ0MC00NTkyLThjYjMtYzA5ODg2Mjk0OTI4XC9ob21lLTUuanBnIiwiZWRpdHMiOnsicm90YXRlIjpudWxsLCJyZXNpemUiOnsid2lkdGgiOjI1MCwiaGVpZ2h0IjoyNTAsImZpdCI6ImNvdmVyIn19fQ==",Proppit,2025-12-14T10:26:32.919572+00:00
U2033401,Hartamas Duta Nusantara Double Storey SEMI-D,https://www.fazwaz.my/property-rent/6-bedroom-house-for-rent-in-batu-kuala-lumpur-u2033401,"RM22,000","Batu, Kuala Lumpur, Kuala Lumpur",House,6,5,N/A,Unfurnished,"This property is a 59,202 Sqft house with 6 bedrooms and 5 bathrooms that is available for rent. It is located in Batu, Kuala Lumpur. You can rent this house long term for RM22,000 per month.","https://img.fazwaz.com/eyJidWNrZXQiOiJwcmQtbGlmdWxsY29ubmVjdC1iYWNrZW5kLWIyYi1pbWFnZXMiLCJrZXkiOiJpbmdlc3RlclwvNmRkN2I0YjQtZmJlNS00ODNkLWFkYWUtNDE0YzQ3NWExMmMzXC9ob21lLTEuanBnIiwiZWRpdHMiOnsicm90YXRlIjpudWxsLCJyZXNpemUiOnsid2lkdGgiOjk1MCwiaGVpZ2h0Ijo1MDUsImZpdCI6ImNvdmVyIn19fQ==,https://img.fazwaz.com/eyJidWNrZXQiOiJwcmQtbGlmdWxsY29ubmVjdC1iYWNrZW5kLWIyYi1pbWFnZXMiLCJrZXkiOiJpbmdlc3RlclwvNmRkN2I0YjQtZmJlNS00ODNkLWFkYWUtNDE0YzQ3NWExMmMzXC9ob21lLTIuanBnIiwiZWRpdHMiOnsicm90YXRlIjpudWxsLCJyZXNpemUiOnsid2lkdGgiOjI1MCwiaGVpZ2h0IjoyNTAsImZpdCI6ImNvdmVyIn19fQ==,https://img.fazwaz.com/eyJidWNrZXQiOiJwcmQtbGlmdWxsY29ubmVjdC1iYWNrZW5kLWIyYi1pbWFnZXMiLCJrZXkiOiJpbmdlc3RlclwvNmRkN2I0YjQtZmJlNS00ODNkLWFkYWUtNDE0YzQ3NWExMmMzXC9ob21lLTMuanBnIiwiZWRpdHMiOnsicm90YXRlIjpudWxsLCJyZXNpemUiOnsid2lkdGgiOjI1MCwiaGVpZ2h0IjoyNTAsImZpdCI6ImNvdmVyIn19fQ==,https://img.fazwaz.com/eyJidWNrZXQiOiJwcmQtbGlmdWxsY29ubmVjdC1iYWNrZW5kLWIyYi1pbWFnZXMiLCJrZXkiOiJpbmdlc3RlclwvNmRkN2I0YjQtZmJlNS00ODNkLWFkYWUtNDE0YzQ3NWExMmMzXC9ob21lLTQuanBnIiwiZWRpdHMiOnsicm90YXRlIjpudWxsLCJyZXNpemUiOnsid2lkdGgiOjI1MCwiaGVpZ2h0IjoyNTAsImZpdCI6ImNvdmVyIn19fQ==",Proppit,2025-12-14T10:26:32.919572+00:00
U2042450,Taman Midah Double Storey End-Lot Terrace Cheras Kuala Lumpur,https://www.fazwaz.my/property-rent/4-bedroom-house-for-rent-in-kuala-lumpur-kuala-lumpur-u2042450,"RM1,800","Kuala Lumpur, Kuala Lumpur, Kuala Lumpur",House,4,2,N/A,Unfurnished,"This property is a 17,760 Sqft house with 4 bedrooms and 2 bathrooms that is available for rent. It is located in Kuala Lumpur, Kuala Lumpur. You can rent this house long term for RM1,800 per month.","https://img.fazwaz.com/eyJidWNrZXQiOiJwcmQtbGlmdWxsY29ubmVjdC1iYWNrZW5kLWIyYi1pbWFnZXMiLCJrZXkiOiJpbmdlc3RlclwvNzUwY2M4YzktODc5OC00ZjUyLWE2NTctZDFlMTM4YTBhMmUyXC9ob21lLTEuanBnIiwiZWRpdHMiOnsicm90YXRlIjpudWxsLCJyZXNpemUiOnsid2lkdGgiOjk1MCwiaGVpZ2h0Ijo1MDUsImZpdCI6ImNvdmVyIn19fQ==,https://img.fazwaz.com/eyJidWNrZXQiOiJwcmQtbGlmdWxsY29ubmVjdC1iYWNrZW5kLWIyYi1pbWFnZXMiLCJrZXkiOiJpbmdlc3RlclwvNzUwY2M4YzktODc5OC00ZjUyLWE2NTctZDFlMTM4YTBhMmUyXC9ob21lLTIuanBnIiwiZWRpdHMiOnsicm90YXRlIjpudWxsLCJyZXNpemUiOnsid2lkdGgiOjI1MCwiaGVpZ2h0IjoyNTAsImZpdCI6ImNvdmVyIn19fQ==,https://img.fazwaz.com/eyJidWNrZXQiOiJwcmQtbGlmdWxsY29ubmVjdC1iYWNrZW5kLWIyYi1pbWFnZXMiLCJrZXkiOiJpbmdlc3RlclwvNzUwY2M4YzktODc5OC00ZjUyLWE2NTctZDFlMTM4YTBhMmUyXC9ob21lLTMuanBnIiwiZWRpdHMiOnsicm90YXRlIjpudWxsLCJyZXNpemUiOnsid2lkdGgiOjI1MCwiaGVpZ2h0IjoyNTAsImZpdCI6ImNvdmVyIn19fQ==",Proppit,2025-12-14T10:26:32.919572+00:00
U2026503,Adivia Desa Park City kuala Lumpur For Rent,https://www.fazwaz.my/property-rent/5-bedroom-house-for-rent-in-batu-kuala-lumpur-u2026503,"RM6,000","Batu, Kuala Lumpur, Kuala Lumpur",House,5,5,N/A,Unfurnished,"This property is a 32,292 Sqft house with 5 bedrooms and 5 bathrooms that is available for rent. It is located in Batu, Kuala Lumpur. You can rent this house long term for RM6,000 per month.","https://img.fazwaz.com/eyJidWNrZXQiOiJwcmQtbGlmdWxsY29ubmVjdC1iYWNrZW5kLWIyYi1pbWFnZXMiLCJrZXkiOiJpbmdlc3RlclwvOWUyNGY4NTUtMzNkZS00MjljLWE0MDItZTE1MzBmZDI3NTEyXC9ob21lLTEuanBnIiwiZWRpdHMiOnsicm90YXRlIjpudWxsLCJyZXNpemUiOnsid2lkdGgiOjk1MCwiaGVpZ2h0Ijo1MDUsImZpdCI6ImNvdmVyIn19fQ==,https://img.fazwaz.com/eyJidWNrZXQiOiJwcmQtbGlmdWxsY29ubmVjdC1iYWNrZW5kLWIyYi1pbWFnZXMiLCJrZXkiOiJpbmdlc3RlclwvOWUyNGY4NTUtMzNkZS00MjljLWE0MDItZTE1MzBmZDI3NTEyXC9ob21lLTIuanBnIiwiZWRpdHMiOnsicm90YXRlIjpudWxsLCJyZXNpemUiOnsid2lkdGgiOjI1MCwiaGVpZ2h0IjoyNTAsImZpdCI6ImNvdmVyIn19fQ==,https://img.fazwaz.com/eyJidWNrZXQiOiJwcmQtbGlmdWxsY29ubmVjdC1iYWNrZW5kLWIyYi1pbWFnZXMiLCJrZXkiOiJpbmdlc3RlclwvOWUyNGY4NTUtMzNkZS00MjljLWE0MDItZTE1MzBmZDI3NTEyXC9ob21lLTMuanBnIiwiZWRpdHMiOnsicm90YXRlIjpudWxsLCJyZXNpemUiOnsid2lkdGgiOjI1MCwiaGVpZ2h0IjoyNTAsImZpdCI6ImNvdmVyIn19fQ==,https://img.fazwaz.com/eyJidWNrZXQiOiJwcmQtbGlmdWxsY29ubmVjdC1iYWNrZW5kLWIyYi1pbWFnZXMiLCJrZXkiOiJpbmdlc3RlclwvOWUyNGY4NTUtMzNkZS00MjljLWE0MDItZTE1MzBmZDI3NTEyXC9ob21lLTQuanBnIiwiZWRpdHMiOnsicm90YXRlIjpudWxsLCJyZXNpemUiOnsid2lkdGgiOjI1MCwiaGVpZ2h0IjoyNTAsImZpdCI6ImNvdmVyIn19fQ==,https://img.fazwaz.com/eyJidWNrZXQiOiJwcmQtbGlmdWxsY29ubmVjdC1iYWNrZW5kLWIyYi1pbWFnZXMiLCJrZXkiOiJpbmdlc3RlclwvOWUyNGY4NTUtMzNkZS00MjljLWE0MDItZTE1MzBmZDI3NTEyXC9ob21lLTUuanBnIiwiZWRpdHMiOnsicm90YXRlIjpudWxsLCJyZXNpemUiOnsid2lkdGgiOjI1MCwiaGVpZ2h0IjoyNTAsImZpdCI6ImNvdmVyIn19fQ==",Proppit,2025-12-14T10:26:32.919572+00:00
U2042981,Mutiara Damansara Double Storey Bungalow Petaling Jaya For Rent,https://www.fazwaz.my/property-rent/6-bedroom-house-for-rent-in-batu-kuala-lumpur-u2042981,"RM12,000","Batu, Kuala Lumpur, Kuala Lumpur",House,6,6,N/A,Fully Furnished,"This property is a 6,000 Sqft house with 6 bedrooms and 6 bathrooms that is available for rent. It is located in Batu, Kuala Lumpur. You can rent this house long term for RM12,000 per month.","https://img.fazwaz.com/eyJidWNrZXQiOiJwcmQtbGlmdWxsY29ubmVjdC1iYWNrZW5kLWIyYi1pbWFnZXMiLCJrZXkiOiJpbmdlc3RlclwvZmMwMzNmYmItNjJkYS00ZDcwLTkyNzYtODUyZTZiMzRmNjBkXC9ob21lLTEuanBnIiwiZWRpdHMiOnsicm90YXRlIjpudWxsLCJyZXNpemUiOnsid2lkdGgiOjk1MCwiaGVpZ2h0Ijo1MDUsImZpdCI6ImNvdmVyIn19fQ==,https://img.fazwaz.com/eyJidWNrZXQiOiJwcmQtbGlmdWxsY29ubmVjdC1iYWNrZW5kLWIyYi1pbWFnZXMiLCJrZXkiOiJpbmdlc3RlclwvZmMwMzNmYmItNjJkYS00ZDcwLTkyNzYtODUyZTZiMzRmNjBkXC9ob21lLTIuanBnIiwiZWRpdHMiOnsicm90YXRlIjpudWxsLCJyZXNpemUiOnsid2lkdGgiOjI1MCwiaGVpZ2h0IjoyNTAsImZpdCI6ImNvdmVyIn19fQ==,https://img.fazwaz.com/eyJidWNrZXQiOiJwcmQtbGlmdWxsY29ubmVjdC1iYWNrZW5kLWIyYi1pbWFnZXMiLCJrZXkiOiJpbmdlc3RlclwvZmMwMzNmYmItNjJkYS00ZDcwLTkyNzYtODUyZTZiMzRmNjBkXC9ob21lLTMuanBnIiwiZWRpdHMiOnsicm90YXRlIjpudWxsLCJyZXNpemUiOnsid2lkdGgiOjI1MCwiaGVpZ2h0IjoyNTAsImZpdCI6ImNvdmVyIn19fQ==,https://img.fazwaz.com/eyJidWNrZXQiOiJwcmQtbGlmdWxsY29ubmVjdC1iYWNrZW5kLWIyYi1pbWFnZXMiLCJrZXkiOiJpbmdlc3RlclwvZmMwMzNmYmItNjJkYS00ZDcwLTkyNzYtODUyZTZiMzRmNjBkXC9ob21lLTQuanBnIiwiZWRpdHMiOnsicm90YXRlIjpudWxsLCJyZXNpemUiOnsid2lkdGgiOjI1MCwiaGVpZ2h0IjoyNTAsImZpdCI6ImNvdmVyIn19fQ==,https://img.fazwaz.com/eyJidWNrZXQiOiJwcmQtbGlmdWxsY29ubmVjdC1iYWNrZW5kLWIyYi1pbWFnZXMiLCJrZXkiOiJpbmdlc3RlclwvZmMwMzNmYmItNjJkYS00ZDcwLTkyNzYtODUyZTZiMzRmNjBkXC9ob21lLTUuanBnIiwiZWRpdHMiOnsicm90YXRlIjpudWxsLCJyZXNpemUiOnsid2lkdGgiOjI1MCwiaGVpZ2h0IjoyNTAsImZpdCI6ImNvdmVyIn19fQ==",Proppit,2025-12-14T10:26:32.919572+00:00
U2038985,"Sri Hartamas 1,Duta Nusantara Double Storey House For Rent",https://www.fazwaz.my/property-rent/6-bedroom-house-for-rent-in-kuala-lumpur-kuala-lumpur-u2038985,"RM22,000","Kuala Lumpur, Kuala Lumpur, Kuala Lumpur",House,6,5,N/A,Partly Furnished,"This property is a 59,202 Sqft house with 6 bedrooms and 5 bathrooms that is available for rent. It is located in Kuala Lumpur, Kuala Lumpur. You can rent this house long term for RM22,000 per month.","https://img.fazwaz.com/eyJidWNrZXQiOiJwcmQtbGlmdWxsY29ubmVjdC1iYWNrZW5kLWIyYi1pbWFnZXMiLCJrZXkiOiJpbmdlc3RlclwvNzZlZGMxMGUtMDg0OC00NGZhLTljOWItOTUxOWE1ZjNkMjNhXC9ob21lLTEuanBnIiwiZWRpdHMiOnsicm90YXRlIjpudWxsLCJyZXNpemUiOnsid2lkdGgiOjk1MCwiaGVpZ2h0Ijo1MDUsImZpdCI6ImNvdmVyIn19fQ==,https://img.fazwaz.com/eyJidWNrZXQiOiJwcmQtbGlmdWxsY29ubmVjdC1iYWNrZW5kLWIyYi1pbWFnZXMiLCJrZXkiOiJpbmdlc3RlclwvNzZlZGMxMGUtMDg0OC00NGZhLTljOWItOTUxOWE1ZjNkMjNhXC9ob21lLTIuanBnIiwiZWRpdHMiOnsicm90YXRlIjpudWxsLCJyZXNpemUiOnsid2lkdGgiOjI1MCwiaGVpZ2h0IjoyNTAsImZpdCI6ImNvdmVyIn19fQ==,https://img.fazwaz.com/eyJidWNrZXQiOiJwcmQtbGlmdWxsY29ubmVjdC1iYWNrZW5kLWIyYi1pbWFnZXMiLCJrZXkiOiJpbmdlc3RlclwvNzZlZGMxMGUtMDg0OC00NGZhLTljOWItOTUxOWE1ZjNkMjNhXC9ob21lLTMuanBnIiwiZWRpdHMiOnsicm90YXRlIjpudWxsLCJyZXNpemUiOnsid2lkdGgiOjI1MCwiaGVpZ2h0IjoyNTAsImZpdCI6ImNvdmVyIn19fQ==,https://img.fazwaz.com/eyJidWNrZXQiOiJwcmQtbGlmdWxsY29ubmVjdC1iYWNrZW5kLWIyYi1pbWFnZXMiLCJrZXkiOiJpbmdlc3RlclwvNzZlZGMxMGUtMDg0OC00NGZhLTljOWItOTUxOWE1ZjNkMjNhXC9ob21lLTQuanBnIiwiZWRpdHMiOnsicm90YXRlIjpudWxsLCJyZXNpemUiOnsid2lkdGgiOjI1MCwiaGVpZ2h0IjoyNTAsImZpdCI6ImNvdmVyIn19fQ==,https://img.fazwaz.com/eyJidWNrZXQiOiJwcmQtbGlmdWxsY29ubmVjdC1iYWNrZW5kLWIyYi1pbWFnZXMiLCJrZXkiOiJpbmdlc3RlclwvNzZlZGMxMGUtMDg0OC00NGZhLTljOWItOTUxOWE1ZjNkMjNhXC9ob21lLTUuanBnIiwiZWRpdHMiOnsicm90YXRlIjpudWxsLCJyZXNpemUiOnsid2lkdGgiOjI1MCwiaGVpZ2h0IjoyNTAsImZpdCI6ImNvdmVyIn19fQ==",Proppit,2025-12-14T10:26:32.919572+00:00
U2039249,Very Cozy and Resort Style Townhouse for Rent at AlBakri Court Ampang Hilir,https://www.fazwaz.my/property-rent/3-bedroom-townhouse-for-rent-in-ampang-kuala-lumpur-u2039249,"RM4,500","Ampang, Kuala Lumpur, Kuala Lumpur",Townhouse,3,3,N/A,Partly Furnished,"This property is a 3,164 Sqft townhouse with 3 bedrooms and 3 bathrooms that is available for rent. It is located in Ampang, Kuala Lumpur. You can rent this townhouse for RM4,500 per month and it is also available for sale for RM55,000,000.","https://img.fazwaz.com/eyJidWNrZXQiOiJwcmQtbGlmdWxsY29ubmVjdC1iYWNrZW5kLWIyYi1pbWFnZXMiLCJrZXkiOiJpbmdlc3RlclwvNmY4ZmFmMDktNTFjZS00ZmQ2LTkwNzEtNTkxZjkwYWU2OTE5XC9ob21lLTEuanBnIiwiZWRpdHMiOnsicm90YXRlIjpudWxsLCJyZXNpemUiOnsid2lkdGgiOjk1MCwiaGVpZ2h0Ijo1MDUsImZpdCI6ImNvdmVyIn19fQ==,https://img.fazwaz.com/eyJidWNrZXQiOiJwcmQtbGlmdWxsY29ubmVjdC1iYWNrZW5kLWIyYi1pbWFnZXMiLCJrZXkiOiJpbmdlc3RlclwvNmY4ZmFmMDktNTFjZS00ZmQ2LTkwNzEtNTkxZjkwYWU2OTE5XC9ob21lLTIuanBnIiwiZWRpdHMiOnsicm90YXRlIjpudWxsLCJyZXNpemUiOnsid2lkdGgiOjI1MCwiaGVpZ2h0IjoyNTAsImZpdCI6ImNvdmVyIn19fQ==,https://img.fazwaz.com/eyJidWNrZXQiOiJwcmQtbGlmdWxsY29ubmVjdC1iYWNrZW5kLWIyYi1pbWFnZXMiLCJrZXkiOiJpbmdlc3RlclwvNmY4ZmFmMDktNTFjZS00ZmQ2LTkwNzEtNTkxZjkwYWU2OTE5XC9ob21lLTMuanBnIiwiZWRpdHMiOnsicm90YXRlIjpudWxsLCJyZXNpemUiOnsid2lkdGgiOjI1MCwiaGVpZ2h0IjoyNTAsImZpdCI6ImNvdmVyIn19fQ==,https://img.fazwaz.com/eyJidWNrZXQiOiJwcmQtbGlmdWxsY29ubmVjdC1iYWNrZW5kLWIyYi1pbWFnZXMiLCJrZXkiOiJpbmdlc3RlclwvNmY4ZmFmMDktNTFjZS00ZmQ2LTkwNzEtNTkxZjkwYWU2OTE5XC9ob21lLTQuanBnIiwiZWRpdHMiOnsicm90YXRlIjpudWxsLCJyZXNpemUiOnsid2lkdGgiOjI1MCwiaGVpZ2h0IjoyNTAsImZpdCI6ImNvdmVyIn19fQ==",Proppit,2025-12-14T10:26:32.919572+00:00
U2042955,Bungalow with Pool for Rent in Mutiara Damansara,https://www.fazwaz.my/property-rent/6-bedroom-house-for-rent-in-bandar-kuala-lumpur-kuala-lumpur-u2042955,"RM12,000","Bandar Kuala Lumpur, Kuala Lumpur, Kuala Lumpur",House,6,6,N/A,Fully Furnished,"This property is a 9,000 Sqft house with 6 bedrooms and 6 bathrooms that is available for rent. It is located in Bandar Kuala Lumpur, Kuala Lumpur. You can rent this house long term for RM12,000 per month.","https://img.fazwaz.com/eyJidWNrZXQiOiJwcmQtbGlmdWxsY29ubmVjdC1iYWNrZW5kLWIyYi1pbWFnZXMiLCJrZXkiOiJpbmdlc3RlclwvMGNlMmIyNmYtMmNiYy00MjgwLTkzMWMtODRhMmE3ZjhjMzdkXC9ob21lLTEuanBnIiwiZWRpdHMiOnsicm90YXRlIjpudWxsLCJyZXNpemUiOnsid2lkdGgiOjk1MCwiaGVpZ2h0Ijo1MDUsImZpdCI6ImNvdmVyIn19fQ==,https://img.fazwaz.com/eyJidWNrZXQiOiJwcmQtbGlmdWxsY29ubmVjdC1iYWNrZW5kLWIyYi1pbWFnZXMiLCJrZXkiOiJpbmdlc3RlclwvMGNlMmIyNmYtMmNiYy00MjgwLTkzMWMtODRhMmE3ZjhjMzdkXC9ob21lLTIuanBnIiwiZWRpdHMiOnsicm90YXRlIjpudWxsLCJyZXNpemUiOnsid2lkdGgiOjI1MCwiaGVpZ2h0IjoyNTAsImZpdCI6ImNvdmVyIn19fQ==,https://img.fazwaz.com/eyJidWNrZXQiOiJwcmQtbGlmdWxsY29ubmVjdC1iYWNrZW5kLWIyYi1pbWFnZXMiLCJrZXkiOiJpbmdlc3RlclwvMGNlMmIyNmYtMmNiYy00MjgwLTkzMWMtODRhMmE3ZjhjMzdkXC9ob21lLTMuanBnIiwiZWRpdHMiOnsicm90YXRlIjpudWxsLCJyZXNpemUiOnsid2lkdGgiOjI1MCwiaGVpZ2h0IjoyNTAsImZpdCI6ImNvdmVyIn19fQ==,https://img.fazwaz.com/eyJidWNrZXQiOiJwcmQtbGlmdWxsY29ubmVjdC1iYWNrZW5kLWIyYi1pbWFnZXMiLCJrZXkiOiJpbmdlc3RlclwvMGNlMmIyNmYtMmNiYy00MjgwLTkzMWMtODRhMmE3ZjhjMzdkXC9ob21lLTQuanBnIiwiZWRpdHMiOnsicm90YXRlIjpudWxsLCJyZXNpemUiOnsid2lkdGgiOjI1MCwiaGVpZ2h0IjoyNTAsImZpdCI6ImNvdmVyIn19fQ==,https://img.fazwaz.com/eyJidWNrZXQiOiJwcmQtbGlmdWxsY29ubmVjdC1iYWNrZW5kLWIyYi1pbWFnZXMiLCJrZXkiOiJpbmdlc3RlclwvMGNlMmIyNmYtMmNiYy00MjgwLTkzMWMtODRhMmE3ZjhjMzdkXC9ob21lLTUuanBnIiwiZWRpdHMiOnsicm90YXRlIjpudWxsLCJyZXNpemUiOnsid2lkdGgiOjI1MCwiaGVpZ2h0IjoyNTAsImZpdCI6ImNvdmVyIn19fQ==",Proppit,2025-12-14T10:26:32.919572+00:00
U2020131,"Newly Renovated 2 Sty Bungalow to Rent in Jln Batai, Bkt Damansara KL",https://www.fazwaz.my/property-rent/house-for-rent-in-bandar-kuala-lumpur-kuala-lumpur-u2020131,"RM12,000","Bandar Kuala Lumpur, Kuala Lumpur, Kuala Lumpur",House,0,0,N/A,Partly Furnished,"It is located in Bandar Kuala Lumpur, Kuala Lumpur. You can rent this house long term for RM12,000 per month.","https://img.fazwaz.com/eyJidWNrZXQiOiJwcmQtbGlmdWxsY29ubmVjdC1iYWNrZW5kLWIyYi1pbWFnZXMiLCJrZXkiOiJpbmdlc3RlclwvYjJhZDVhMjgtNGVjOS00M2RkLWFlMDEtN2I3NDA5Nzc3NjRiXC9ob21lLTEuanBnIiwiZWRpdHMiOnsicm90YXRlIjpudWxsLCJyZXNpemUiOnsid2lkdGgiOjk1MCwiaGVpZ2h0Ijo1MDUsImZpdCI6ImNvdmVyIn19fQ==,https://img.fazwaz.com/eyJidWNrZXQiOiJwcmQtbGlmdWxsY29ubmVjdC1iYWNrZW5kLWIyYi1pbWFnZXMiLCJrZXkiOiJpbmdlc3RlclwvYjJhZDVhMjgtNGVjOS00M2RkLWFlMDEtN2I3NDA5Nzc3NjRiXC9ob21lLTIuanBnIiwiZWRpdHMiOnsicm90YXRlIjpudWxsLCJyZXNpemUiOnsid2lkdGgiOjI1MCwiaGVpZ2h0IjoyNTAsImZpdCI6ImNvdmVyIn19fQ==,https://img.fazwaz.com/eyJidWNrZXQiOiJwcmQtbGlmdWxsY29ubmVjdC1iYWNrZW5kLWIyYi1pbWFnZXMiLCJrZXkiOiJpbmdlc3RlclwvYjJhZDVhMjgtNGVjOS00M2RkLWFlMDEtN2I3NDA5Nzc3NjRiXC9ob21lLTMuanBnIiwiZWRpdHMiOnsicm90YXRlIjpudWxsLCJyZXNpemUiOnsid2lkdGgiOjI1MCwiaGVpZ2h0IjoyNTAsImZpdCI6ImNvdmVyIn19fQ==,https://img.fazwaz.com/eyJidWNrZXQiOiJwcmQtbGlmdWxsY29ubmVjdC1iYWNrZW5kLWIyYi1pbWFnZXMiLCJrZXkiOiJpbmdlc3RlclwvYjJhZDVhMjgtNGVjOS00M2RkLWFlMDEtN2I3NDA5Nzc3NjRiXC9ob21lLTQuanBnIiwiZWRpdHMiOnsicm90YXRlIjpudWxsLCJyZXNpemUiOnsid2lkdGgiOjI1MCwiaGVpZ2h0IjoyNTAsImZpdCI6ImNvdmVyIn19fQ==,https://img.fazwaz.com/eyJidWNrZXQiOiJwcmQtbGlmdWxsY29ubmVjdC1iYWNrZW5kLWIyYi1pbWFnZXMiLCJrZXkiOiJpbmdlc3RlclwvYjJhZDVhMjgtNGVjOS00M2RkLWFlMDEtN2I3NDA5Nzc3NjRiXC9ob21lLTUuanBnIiwiZWRpdHMiOnsicm90YXRlIjpudWxsLCJyZXNpemUiOnsid2lkdGgiOjI1MCwiaGVpZ2h0IjoyNTAsImZpdCI6ImNvdmVyIn19fQ==",Proppit,2025-12-14T10:26:32.919572+00:00
U2033488,"Double Storey Cluster House for Rent in Dato Keramat, City Centre",https://www.fazwaz.my/property-rent/2-bedroom-house-for-rent-in-bandar-kuala-lumpur-kuala-lumpur-u2033488,"RM1,850","Bandar Kuala Lumpur, Kuala Lumpur, Kuala Lumpur",House,2,2,N/A,Partly Furnished,"This property is a 800 Sqft house with 2 bedrooms and 2 bathrooms that is available for rent. It is located in Bandar Kuala Lumpur, Kuala Lumpur. You can rent this house long term for RM1,850 per month.","https://img.fazwaz.com/eyJidWNrZXQiOiJwcmQtbGlmdWxsY29ubmVjdC1iYWNrZW5kLWIyYi1pbWFnZXMiLCJrZXkiOiJpbmdlc3RlclwvMmE4OTg0ZWQtY2NiYS00ZjBlLWE4NjktZDg4ZTAxNGY5M2UzXC9ob21lLTEuanBnIiwiZWRpdHMiOnsicm90YXRlIjpudWxsLCJyZXNpemUiOnsid2lkdGgiOjk1MCwiaGVpZ2h0Ijo1MDUsImZpdCI6ImNvdmVyIn19fQ==,https://img.fazwaz.com/eyJidWNrZXQiOiJwcmQtbGlmdWxsY29ubmVjdC1iYWNrZW5kLWIyYi1pbWFnZXMiLCJrZXkiOiJpbmdlc3RlclwvMmE4OTg0ZWQtY2NiYS00ZjBlLWE4NjktZDg4ZTAxNGY5M2UzXC9ob21lLTIuanBnIiwiZWRpdHMiOnsicm90YXRlIjpudWxsLCJyZXNpemUiOnsid2lkdGgiOjI1MCwiaGVpZ2h0IjoyNTAsImZpdCI6ImNvdmVyIn19fQ==,https://img.fazwaz.com/eyJidWNrZXQiOiJwcmQtbGlmdWxsY29ubmVjdC1iYWNrZW5kLWIyYi1pbWFnZXMiLCJrZXkiOiJpbmdlc3RlclwvMmE4OTg0ZWQtY2NiYS00ZjBlLWE4NjktZDg4ZTAxNGY5M2UzXC9ob21lLTMuanBnIiwiZWRpdHMiOnsicm90YXRlIjpudWxsLCJyZXNpemUiOnsid2lkdGgiOjI1MCwiaGVpZ2h0IjoyNTAsImZpdCI6ImNvdmVyIn19fQ==,https://img.fazwaz.com/eyJidWNrZXQiOiJwcmQtbGlmdWxsY29ubmVjdC1iYWNrZW5kLWIyYi1pbWFnZXMiLCJrZXkiOiJpbmdlc3RlclwvMmE4OTg0ZWQtY2NiYS00ZjBlLWE4NjktZDg4ZTAxNGY5M2UzXC9ob21lLTQuanBnIiwiZWRpdHMiOnsicm90YXRlIjpudWxsLCJyZXNpemUiOnsid2lkdGgiOjI1MCwiaGVpZ2h0IjoyNTAsImZpdCI6ImNvdmVyIn19fQ==,https://img.fazwaz.com/eyJidWNrZXQiOiJwcmQtbGlmdWxsY29ubmVjdC1iYWNrZW5kLWIyYi1pbWFnZXMiLCJrZXkiOiJpbmdlc3RlclwvMmE4OTg0ZWQtY2NiYS00ZjBlLWE4NjktZDg4ZTAxNGY5M2UzXC9ob21lLTUuanBnIiwiZWRpdHMiOnsicm90YXRlIjpudWxsLCJyZXNpemUiOnsid2lkdGgiOjI1MCwiaGVpZ2h0IjoyNTAsImZpdCI6ImNvdmVyIn19fQ==",Proppit,2025-12-14T10:26:32.919572+00:00
U2028887,"Bungalow for Sale or Rent in Taman Uthant, Ampang Hilir, Kuala Lumpur",https://www.fazwaz.my/property-rent/7-bedroom-house-for-rent-in-bandar-kuala-lumpur-kuala-lumpur-u2028887,"RM25,000","Bandar Kuala Lumpur, Kuala Lumpur, Kuala Lumpur",House,7,7,N/A,Partly Furnished,"This property is a 16,607 Sqft house with 7 bedrooms and 7 bathrooms that is available for rent. It is located in Bandar Kuala Lumpur, Kuala Lumpur. You can rent this house for RM25,000 per month and it is also available for sale for RM19,000,000.","https://img.fazwaz.com/eyJidWNrZXQiOiJwcmQtbGlmdWxsY29ubmVjdC1iYWNrZW5kLWIyYi1pbWFnZXMiLCJrZXkiOiJpbmdlc3RlclwvNTE1NDAzMzktYWQ3ZS00ZDk0LWI5MTgtYjc2NjlkNTQwYWJlXC9ob21lLTEuanBnIiwiZWRpdHMiOnsicm90YXRlIjpudWxsLCJyZXNpemUiOnsid2lkdGgiOjk1MCwiaGVpZ2h0Ijo1MDUsImZpdCI6ImNvdmVyIn19fQ==,https://img.fazwaz.com/eyJidWNrZXQiOiJwcmQtbGlmdWxsY29ubmVjdC1iYWNrZW5kLWIyYi1pbWFnZXMiLCJrZXkiOiJpbmdlc3RlclwvNTE1NDAzMzktYWQ3ZS00ZDk0LWI5MTgtYjc2NjlkNTQwYWJlXC9ob21lLTIuanBnIiwiZWRpdHMiOnsicm90YXRlIjpudWxsLCJyZXNpemUiOnsid2lkdGgiOjI1MCwiaGVpZ2h0IjoyNTAsImZpdCI6ImNvdmVyIn19fQ==,https://img.fazwaz.com/eyJidWNrZXQiOiJwcmQtbGlmdWxsY29ubmVjdC1iYWNrZW5kLWIyYi1pbWFnZXMiLCJrZXkiOiJpbmdlc3RlclwvNTE1NDAzMzktYWQ3ZS00ZDk0LWI5MTgtYjc2NjlkNTQwYWJlXC9ob21lLTMuanBnIiwiZWRpdHMiOnsicm90YXRlIjpudWxsLCJyZXNpemUiOnsid2lkdGgiOjI1MCwiaGVpZ2h0IjoyNTAsImZpdCI6ImNvdmVyIn19fQ==,https://img.fazwaz.com/eyJidWNrZXQiOiJwcmQtbGlmdWxsY29ubmVjdC1iYWNrZW5kLWIyYi1pbWFnZXMiLCJrZXkiOiJpbmdlc3RlclwvNTE1NDAzMzktYWQ3ZS00ZDk0LWI5MTgtYjc2NjlkNTQwYWJlXC9ob21lLTQuanBnIiwiZWRpdHMiOnsicm90YXRlIjpudWxsLCJyZXNpemUiOnsid2lkdGgiOjI1MCwiaGVpZ2h0IjoyNTAsImZpdCI6ImNvdmVyIn19fQ==,https://img.fazwaz.com/eyJidWNrZXQiOiJwcmQtbGlmdWxsY29ubmVjdC1iYWNrZW5kLWIyYi1pbWFnZXMiLCJrZXkiOiJpbmdlc3RlclwvNTE1NDAzMzktYWQ3ZS00ZDk0LWI5MTgtYjc2NjlkNTQwYWJlXC9ob21lLTUuanBnIiwiZWRpdHMiOnsicm90YXRlIjpudWxsLCJyZXNpemUiOnsid2lkdGgiOjI1MCwiaGVpZ2h0IjoyNTAsImZpdCI6ImNvdmVyIn19fQ==",Proppit,2025-12-14T10:26:32.919572+00:00
U2026469,"Beautiful Bungalow House With Pool Titiwangsa, Kuala Lumpur For Rent",https://www.fazwaz.my/property-rent/5-bedroom-house-for-rent-in-bandar-kuala-lumpur-kuala-lumpur-u2026469,"RM14,000","Bandar Kuala Lumpur, Kuala Lumpur, Kuala Lumpur",House,5,5,N/A,Unfurnished,"This property is a 0 Sqft house with 5 bedrooms and 5 bathrooms that is available for rent. It is located in Bandar Kuala Lumpur, Kuala Lumpur. You can rent this house long term for RM14,000 per month.","https://img.fazwaz.com/eyJidWNrZXQiOiJwcmQtbGlmdWxsY29ubmVjdC1iYWNrZW5kLWIyYi1pbWFnZXMiLCJrZXkiOiJwcm9wZXJ0aWVzXC8wMTkzNGY1YS0zZmE2LTdmZjQtYjNiMi1iNjhiYjdhYjUzNDJcLzAxOTM0ZjVhLTRlYzEtNzIwNi1iOGVmLWI0YThhNWJhOGUwZi5qcGciLCJlZGl0cyI6eyJyb3RhdGUiOm51bGwsInJlc2l6ZSI6eyJ3aWR0aCI6OTUwLCJoZWlnaHQiOjUwNSwiZml0IjoiY292ZXIifX19,https://img.fazwaz.com/eyJidWNrZXQiOiJwcmQtbGlmdWxsY29ubmVjdC1iYWNrZW5kLWIyYi1pbWFnZXMiLCJrZXkiOiJwcm9wZXJ0aWVzXC8wMTkzNGY1YS0zZmE2LTdmZjQtYjNiMi1iNjhiYjdhYjUzNDJcLzAxOTM0ZjVhLTRmNmItNzE2MC05NGMxLTU2ZjY2NTU3ZDEyYi5qcGciLCJlZGl0cyI6eyJyb3RhdGUiOm51bGwsInJlc2l6ZSI6eyJ3aWR0aCI6MjUwLCJoZWlnaHQiOjI1MCwiZml0IjoiY292ZXIifX19,https://img.fazwaz.com/eyJidWNrZXQiOiJwcmQtbGlmdWxsY29ubmVjdC1iYWNrZW5kLWIyYi1pbWFnZXMiLCJrZXkiOiJwcm9wZXJ0aWVzXC8wMTkzNGY1YS0zZmE2LTdmZjQtYjNiMi1iNjhiYjdhYjUzNDJcLzAxOTM0ZjVhLTRmYjUtNzBmOS05NzVhLTQ4ZDhmYmRlZTMwNC5qcGciLCJlZGl0cyI6eyJyb3RhdGUiOm51bGwsInJlc2l6ZSI6eyJ3aWR0aCI6MjUwLCJoZWlnaHQiOjI1MCwiZml0IjoiY292ZXIifX19,https://img.fazwaz.com/eyJidWNrZXQiOiJwcmQtbGlmdWxsY29ubmVjdC1iYWNrZW5kLWIyYi1pbWFnZXMiLCJrZXkiOiJwcm9wZXJ0aWVzXC8wMTkzNGY1YS0zZmE2LTdmZjQtYjNiMi1iNjhiYjdhYjUzNDJcLzAxOTM0ZjVhLTRmZjEtNzFjOS05Y2JjLWY2YzQ5ODJhMDBjZi5qcGciLCJlZGl0cyI6eyJyb3RhdGUiOm51bGwsInJlc2l6ZSI6eyJ3aWR0aCI6MjUwLCJoZWlnaHQiOjI1MCwiZml0IjoiY292ZXIifX19,https://img.fazwaz.com/eyJidWNrZXQiOiJwcmQtbGlmdWxsY29ubmVjdC1iYWNrZW5kLWIyYi1pbWFnZXMiLCJrZXkiOiJwcm9wZXJ0aWVzXC8wMTkzNGY1YS0zZmE2LTdmZjQtYjNiMi1iNjhiYjdhYjUzNDJcLzAxOTM0ZjVhLTUwMzgtNzBhNy05NzZiLTZiMGMyYTViZjU2Yi5qcGciLCJlZGl0cyI6eyJyb3RhdGUiOm51bGwsInJlc2l6ZSI6eyJ3aWR0aCI6MjUwLCJoZWlnaHQiOjI1MCwiZml0IjoiY292ZXIifX19",Proppit,2025-12-14T10:26:32.919572+00:00
U2026612,"Beautiful Bungalow House With Pool Titiwangsa, Kuala Lumpur For Rent",https://www.fazwaz.my/property-rent/5-bedroom-house-for-rent-in-bandar-kuala-lumpur-kuala-lumpur-u2026612,"RM14,000","Bandar Kuala Lumpur, Kuala Lumpur, Kuala Lumpur",House,5,5,N/A,Partly Furnished,"This property is a 0 Sqft house with 5 bedrooms and 5 bathrooms that is available for rent. It is located in Bandar Kuala Lumpur, Kuala Lumpur. You can rent this house long term for RM14,000 per month.","https://img.fazwaz.com/eyJidWNrZXQiOiJwcmQtbGlmdWxsY29ubmVjdC1iYWNrZW5kLWIyYi1pbWFnZXMiLCJrZXkiOiJwcm9wZXJ0aWVzXC8wMTkzNGY1OC01YTNmLTdmZjQtYjNiMi1hMDBhMzcxYmM0NTFcLzAxOTM0ZjU4LTZhNWYtNzNmZS04NTk4LTY3NjI5OWU1MmU1OC5qcGciLCJlZGl0cyI6eyJyb3RhdGUiOm51bGwsInJlc2l6ZSI6eyJ3aWR0aCI6OTUwLCJoZWlnaHQiOjUwNSwiZml0IjoiY292ZXIifX19,https://img.fazwaz.com/eyJidWNrZXQiOiJwcmQtbGlmdWxsY29ubmVjdC1iYWNrZW5kLWIyYi1pbWFnZXMiLCJrZXkiOiJwcm9wZXJ0aWVzXC8wMTkzNGY1OC01YTNmLTdmZjQtYjNiMi1hMDBhMzcxYmM0NTFcLzAxOTM0ZjU4LTZiN2UtNzE1NC04ZGZhLWY2MDg0NTBkZmZkZS5qcGciLCJlZGl0cyI6eyJyb3RhdGUiOm51bGwsInJlc2l6ZSI6eyJ3aWR0aCI6MjUwLCJoZWlnaHQiOjI1MCwiZml0IjoiY292ZXIifX19,https://img.fazwaz.com/eyJidWNrZXQiOiJwcmQtbGlmdWxsY29ubmVjdC1iYWNrZW5kLWIyYi1pbWFnZXMiLCJrZXkiOiJwcm9wZXJ0aWVzXC8wMTkzNGY1OC01YTNmLTdmZjQtYjNiMi1hMDBhMzcxYmM0NTFcLzAxOTM0ZjU4LTZiYWItNzMxOS05YjM2LWE0MWVkY2JjYmZlZS5qcGciLCJlZGl0cyI6eyJyb3RhdGUiOm51bGwsInJlc2l6ZSI6eyJ3aWR0aCI6MjUwLCJoZWlnaHQiOjI1MCwiZml0IjoiY292ZXIifX19,https://img.fazwaz.com/eyJidWNrZXQiOiJwcmQtbGlmdWxsY29ubmVjdC1iYWNrZW5kLWIyYi1pbWFnZXMiLCJrZXkiOiJwcm9wZXJ0aWVzXC8wMTkzNGY1OC01YTNmLTdmZjQtYjNiMi1hMDBhMzcxYmM0NTFcLzAxOTM0ZjU4LTZjMDQtNzM2NS05NDVkLTg5MDliNmJkMjFiYS5qcGciLCJlZGl0cyI6eyJyb3RhdGUiOm51bGwsInJlc2l6ZSI6eyJ3aWR0aCI6MjUwLCJoZWlnaHQiOjI1MCwiZml0IjoiY292ZXIifX19,https://img.fazwaz.com/eyJidWNrZXQiOiJwcmQtbGlmdWxsY29ubmVjdC1iYWNrZW5kLWIyYi1pbWFnZXMiLCJrZXkiOiJwcm9wZXJ0aWVzXC8wMTkzNGY1OC01YTNmLTdmZjQtYjNiMi1hMDBhMzcxYmM0NTFcLzAxOTM0ZjU4LTZjMzAtNzI4OC04MDJmLWUzMDA1ZjIwOGQ0MS5qcGciLCJlZGl0cyI6eyJyb3RhdGUiOm51bGwsInJlc2l6ZSI6eyJ3aWR0aCI6MjUwLCJoZWlnaHQiOjI1MCwiZml0IjoiY292ZXIifX19",Proppit,2025-12-14T10:26:32.919572+00:00
U2033234,Exclusive Bungalow (Private Pool) @ Tmn Kelab Ukay,https://www.fazwaz.my/property-rent/6-bedroom-house-for-rent-in-bandar-kuala-lumpur-kuala-lumpur-u2033234,"RM20,000","Bandar Kuala Lumpur, Kuala Lumpur, Kuala Lumpur",House,6,6,N/A,Fully Furnished,"This property is a 7,500 Sqft house with 6 bedrooms and 6 bathrooms that is available for rent. It is located in Bandar Kuala Lumpur, Kuala Lumpur. You can rent this house long term for RM20,000 per month.","https://img.fazwaz.com/eyJidWNrZXQiOiJwcmQtbGlmdWxsY29ubmVjdC1iYWNrZW5kLWIyYi1pbWFnZXMiLCJrZXkiOiJpbmdlc3RlclwvMWNlYzNhNjYtMTQxOS00NmU2LWJiYjgtY2UzZjgwYWNmMjVlXC9ob21lLTEuanBnIiwiZWRpdHMiOnsicm90YXRlIjpudWxsLCJyZXNpemUiOnsid2lkdGgiOjk1MCwiaGVpZ2h0Ijo1MDUsImZpdCI6ImNvdmVyIn19fQ==,https://img.fazwaz.com/eyJidWNrZXQiOiJwcmQtbGlmdWxsY29ubmVjdC1iYWNrZW5kLWIyYi1pbWFnZXMiLCJrZXkiOiJpbmdlc3RlclwvMWNlYzNhNjYtMTQxOS00NmU2LWJiYjgtY2UzZjgwYWNmMjVlXC9ob21lLTIuanBnIiwiZWRpdHMiOnsicm90YXRlIjpudWxsLCJyZXNpemUiOnsid2lkdGgiOjI1MCwiaGVpZ2h0IjoyNTAsImZpdCI6ImNvdmVyIn19fQ==,https://img.fazwaz.com/eyJidWNrZXQiOiJwcmQtbGlmdWxsY29ubmVjdC1iYWNrZW5kLWIyYi1pbWFnZXMiLCJrZXkiOiJpbmdlc3RlclwvMWNlYzNhNjYtMTQxOS00NmU2LWJiYjgtY2UzZjgwYWNmMjVlXC9ob21lLTMuanBnIiwiZWRpdHMiOnsicm90YXRlIjpudWxsLCJyZXNpemUiOnsid2lkdGgiOjI1MCwiaGVpZ2h0IjoyNTAsImZpdCI6ImNvdmVyIn19fQ==,https://img.fazwaz.com/eyJidWNrZXQiOiJwcmQtbGlmdWxsY29ubmVjdC1iYWNrZW5kLWIyYi1pbWFnZXMiLCJrZXkiOiJpbmdlc3RlclwvMWNlYzNhNjYtMTQxOS00NmU2LWJiYjgtY2UzZjgwYWNmMjVlXC9ob21lLTQuanBnIiwiZWRpdHMiOnsicm90YXRlIjpudWxsLCJyZXNpemUiOnsid2lkdGgiOjI1MCwiaGVpZ2h0IjoyNTAsImZpdCI6ImNvdmVyIn19fQ==,https://img.fazwaz.com/eyJidWNrZXQiOiJwcmQtbGlmdWxsY29ubmVjdC1iYWNrZW5kLWIyYi1pbWFnZXMiLCJrZXkiOiJpbmdlc3RlclwvMWNlYzNhNjYtMTQxOS00NmU2LWJiYjgtY2UzZjgwYWNmMjVlXC9ob21lLTUuanBnIiwiZWRpdHMiOnsicm90YXRlIjpudWxsLCJyZXNpemUiOnsid2lkdGgiOjI1MCwiaGVpZ2h0IjoyNTAsImZpdCI6ImNvdmVyIn19fQ==",Proppit,2025-12-14T10:26:32.919572+00:00
U2038691,4 Bedroom House for rent,https://www.fazwaz.my/property-rent/4-bedroom-house-for-rent-in-bandar-kuala-lumpur-kuala-lumpur-u2038691,"RM4,500","Bandar Kuala Lumpur, Kuala Lumpur, Kuala Lumpur",House,4,4,N/A,N/A,"This property is a 29,063 Sqft house with 4 bedrooms and 4 bathrooms that is available for rent. It is located in Bandar Kuala Lumpur, Kuala Lumpur. You can rent this house long term for RM4,500 per month.","https://img.fazwaz.com/eyJidWNrZXQiOiJwcmQtbGlmdWxsY29ubmVjdC1iYWNrZW5kLWIyYi1pbWFnZXMiLCJrZXkiOiJpbmdlc3RlclwvMjA0MTE5ZWYtMDA2Ny00ODY1LThjYjMtZjczZWU2ZDMzNzQ2XC9ob21lLTEuanBnIiwiZWRpdHMiOnsicm90YXRlIjpudWxsLCJyZXNpemUiOnsid2lkdGgiOjk1MCwiaGVpZ2h0Ijo1MDUsImZpdCI6ImNvdmVyIn19fQ==,https://img.fazwaz.com/eyJidWNrZXQiOiJwcmQtbGlmdWxsY29ubmVjdC1iYWNrZW5kLWIyYi1pbWFnZXMiLCJrZXkiOiJpbmdlc3RlclwvMjA0MTE5ZWYtMDA2Ny00ODY1LThjYjMtZjczZWU2ZDMzNzQ2XC9ob21lLTIuanBnIiwiZWRpdHMiOnsicm90YXRlIjpudWxsLCJyZXNpemUiOnsid2lkdGgiOjI1MCwiaGVpZ2h0IjoyNTAsImZpdCI6ImNvdmVyIn19fQ==,https://img.fazwaz.com/eyJidWNrZXQiOiJwcmQtbGlmdWxsY29ubmVjdC1iYWNrZW5kLWIyYi1pbWFnZXMiLCJrZXkiOiJpbmdlc3RlclwvMjA0MTE5ZWYtMDA2Ny00ODY1LThjYjMtZjczZWU2ZDMzNzQ2XC9ob21lLTMuanBnIiwiZWRpdHMiOnsicm90YXRlIjpudWxsLCJyZXNpemUiOnsid2lkdGgiOjI1MCwiaGVpZ2h0IjoyNTAsImZpdCI6ImNvdmVyIn19fQ==,https://img.fazwaz.com/eyJidWNrZXQiOiJwcmQtbGlmdWxsY29ubmVjdC1iYWNrZW5kLWIyYi1pbWFnZXMiLCJrZXkiOiJpbmdlc3RlclwvMjA0MTE5ZWYtMDA2Ny00ODY1LThjYjMtZjczZWU2ZDMzNzQ2XC9ob21lLTQuanBnIiwiZWRpdHMiOnsicm90YXRlIjpudWxsLCJyZXNpemUiOnsid2lkdGgiOjI1MCwiaGVpZ2h0IjoyNTAsImZpdCI6ImNvdmVyIn19fQ==,https://img.fazwaz.com/eyJidWNrZXQiOiJwcmQtbGlmdWxsY29ubmVjdC1iYWNrZW5kLWIyYi1pbWFnZXMiLCJrZXkiOiJpbmdlc3RlclwvMjA0MTE5ZWYtMDA2Ny00ODY1LThjYjMtZjczZWU2ZDMzNzQ2XC9ob21lLTUuanBnIiwiZWRpdHMiOnsicm90YXRlIjpudWxsLCJyZXNpemUiOnsid2lkdGgiOjI1MCwiaGVpZ2h0IjoyNTAsImZpdCI6ImNvdmVyIn19fQ==",Proppit,2025-12-14T10:26:32.919572+00:00
U2031676,Exclusive Quadro Residences for Rent in KL City Centre,https://www.fazwaz.my/property-rent/5-bedroom-house-for-rent-in-bandar-kuala-lumpur-kuala-lumpur-u2031676,"RM10,000","Bandar Kuala Lumpur, Kuala Lumpur, Kuala Lumpur",House,5,4,N/A,Fully Furnished,"This property is a 2,343 Sqft house with 5 bedrooms and 4 bathrooms that is available for rent. It is located in Bandar Kuala Lumpur, Kuala Lumpur. You can rent this house long term for RM10,000 per month.","https://img.fazwaz.com/eyJidWNrZXQiOiJwcmQtbGlmdWxsY29ubmVjdC1iYWNrZW5kLWIyYi1pbWFnZXMiLCJrZXkiOiJpbmdlc3RlclwvZGFjZjcyN2UtZDExYi00NzE2LWI3MWYtMTQ1N2RmY2M1ODE4XC9ob21lLTEuanBnIiwiZWRpdHMiOnsicm90YXRlIjpudWxsLCJyZXNpemUiOnsid2lkdGgiOjk1MCwiaGVpZ2h0Ijo1MDUsImZpdCI6ImNvdmVyIn19fQ==,https://img.fazwaz.com/eyJidWNrZXQiOiJwcmQtbGlmdWxsY29ubmVjdC1iYWNrZW5kLWIyYi1pbWFnZXMiLCJrZXkiOiJpbmdlc3RlclwvZGFjZjcyN2UtZDExYi00NzE2LWI3MWYtMTQ1N2RmY2M1ODE4XC9ob21lLTIuanBnIiwiZWRpdHMiOnsicm90YXRlIjpudWxsLCJyZXNpemUiOnsid2lkdGgiOjI1MCwiaGVpZ2h0IjoyNTAsImZpdCI6ImNvdmVyIn19fQ==,https://img.fazwaz.com/eyJidWNrZXQiOiJwcmQtbGlmdWxsY29ubmVjdC1iYWNrZW5kLWIyYi1pbWFnZXMiLCJrZXkiOiJpbmdlc3RlclwvZGFjZjcyN2UtZDExYi00NzE2LWI3MWYtMTQ1N2RmY2M1ODE4XC9ob21lLTMuanBnIiwiZWRpdHMiOnsicm90YXRlIjpudWxsLCJyZXNpemUiOnsid2lkdGgiOjI1MCwiaGVpZ2h0IjoyNTAsImZpdCI6ImNvdmVyIn19fQ==,https://img.fazwaz.com/eyJidWNrZXQiOiJwcmQtbGlmdWxsY29ubmVjdC1iYWNrZW5kLWIyYi1pbWFnZXMiLCJrZXkiOiJpbmdlc3RlclwvZGFjZjcyN2UtZDExYi00NzE2LWI3MWYtMTQ1N2RmY2M1ODE4XC9ob21lLTQuanBnIiwiZWRpdHMiOnsicm90YXRlIjpudWxsLCJyZXNpemUiOnsid2lkdGgiOjI1MCwiaGVpZ2h0IjoyNTAsImZpdCI6ImNvdmVyIn19fQ==,https://img.fazwaz.com/eyJidWNrZXQiOiJwcmQtbGlmdWxsY29ubmVjdC1iYWNrZW5kLWIyYi1pbWFnZXMiLCJrZXkiOiJpbmdlc3RlclwvZGFjZjcyN2UtZDExYi00NzE2LWI3MWYtMTQ1N2RmY2M1ODE4XC9ob21lLTUuanBnIiwiZWRpdHMiOnsicm90YXRlIjpudWxsLCJyZXNpemUiOnsid2lkdGgiOjI1MCwiaGVpZ2h0IjoyNTAsImZpdCI6ImNvdmVyIn19fQ==",Proppit,2025-12-14T10:26:32.919572+00:00
U2022882,Perak Klebang Double Storey House For Rent,https://www.fazwaz.my/property-rent/4-bedroom-house-for-rent-in-bandar-kuala-lumpur-kuala-lumpur-u2022882,"RM1,000","Bandar Kuala Lumpur, Kuala Lumpur, Kuala Lumpur",House,4,3,"12,917 Sqft",Unfurnished,"This property is a 12,917 Sqft house with 4 bedrooms and 3 bathrooms that is available for rent. It is located in Bandar Kuala Lumpur, Kuala Lumpur. You can rent this house long term for RM1,000 per month.","https://img.fazwaz.com/eyJidWNrZXQiOiJwcmQtbGlmdWxsY29ubmVjdC1iYWNrZW5kLWIyYi1pbWFnZXMiLCJrZXkiOiJwcm9wZXJ0aWVzXC8wMTkzNDM4NS01ZDA3LTc3NzItOTU4ZC1mYzU3MGViZDFkNzFcLzAxOTM0Mzg1LTVlZjYtNzI2YS1hNjYyLWRhZjNlYTljMWE5MC5qcGciLCJlZGl0cyI6eyJyb3RhdGUiOm51bGwsInJlc2l6ZSI6eyJ3aWR0aCI6OTUwLCJoZWlnaHQiOjUwNSwiZml0IjoiY292ZXIifX19,https://img.fazwaz.com/eyJidWNrZXQiOiJwcmQtbGlmdWxsY29ubmVjdC1iYWNrZW5kLWIyYi1pbWFnZXMiLCJrZXkiOiJwcm9wZXJ0aWVzXC8wMTkzNDM4NS01ZDA3LTc3NzItOTU4ZC1mYzU3MGViZDFkNzFcLzAxOTM0Mzg1LTVmYTctNzBiZi1hYmIwLTBkZmZjNjFhYmZjMi5qcGciLCJlZGl0cyI6eyJyb3RhdGUiOm51bGwsInJlc2l6ZSI6eyJ3aWR0aCI6MjUwLCJoZWlnaHQiOjI1MCwiZml0IjoiY292ZXIifX19,https://img.fazwaz.com/eyJidWNrZXQiOiJwcmQtbGlmdWxsY29ubmVjdC1iYWNrZW5kLWIyYi1pbWFnZXMiLCJrZXkiOiJwcm9wZXJ0aWVzXC8wMTkzNDM4NS01ZDA3LTc3NzItOTU4ZC1mYzU3MGViZDFkNzFcLzAxOTM0Mzg1LTVmYzItNzEwNC1hZjQ4LWMwYTA3MTA0NmNjOC5qcGciLCJlZGl0cyI6eyJyb3RhdGUiOm51bGwsInJlc2l6ZSI6eyJ3aWR0aCI6MjUwLCJoZWlnaHQiOjI1MCwiZml0IjoiY292ZXIifX19,https://img.fazwaz.com/eyJidWNrZXQiOiJwcmQtbGlmdWxsY29ubmVjdC1iYWNrZW5kLWIyYi1pbWFnZXMiLCJrZXkiOiJwcm9wZXJ0aWVzXC8wMTkzNDM4NS01ZDA3LTc3NzItOTU4ZC1mYzU3MGViZDFkNzFcLzAxOTM0Mzg1LTYwMDctNzMzOS1iNTAwLWQxOGI3ZGExN2M3OC5qcGciLCJlZGl0cyI6eyJyb3RhdGUiOm51bGwsInJlc2l6ZSI6eyJ3aWR0aCI6MjUwLCJoZWlnaHQiOjI1MCwiZml0IjoiY292ZXIifX19,https://img.fazwaz.com/eyJidWNrZXQiOiJwcmQtbGlmdWxsY29ubmVjdC1iYWNrZW5kLWIyYi1pbWFnZXMiLCJrZXkiOiJwcm9wZXJ0aWVzXC8wMTkzNDM4NS01ZDA3LTc3NzItOTU4ZC1mYzU3MGViZDFkNzFcLzAxOTM0Mzg1LTYwMjMtNzI4MS1hZTNjLTMxMWFiMjZjMTkzYS5qcGciLCJlZGl0cyI6eyJyb3RhdGUiOm51bGwsInJlc2l6ZSI6eyJ3aWR0aCI6MjUwLCJoZWlnaHQiOjI1MCwiZml0IjoiY292ZXIifX19",Proppit,2025-12-14T10:26:32.919572+00:00
U2024130,"Empire Residence, Damansara Perdana, 3.5 Sty Superlink Villa",https://www.fazwaz.my/property-rent/5-bedroom-villa-for-rent-in-bandar-kuala-lumpur-kuala-lumpur-u2024130,"RM7,500","Bandar Kuala Lumpur, Kuala Lumpur, Kuala Lumpur",Villa,5,6,N/A,Fully Furnished,"This property is a 2,000 Sqft villa with 5 bedrooms and 6 bathrooms that is available for rent. It is located in Bandar Kuala Lumpur, Kuala Lumpur. You can rent this villa long term for RM7,500 per month.","https://img.fazwaz.com/eyJidWNrZXQiOiJwcmQtbGlmdWxsY29ubmVjdC1iYWNrZW5kLWIyYi1pbWFnZXMiLCJrZXkiOiJpbmdlc3RlclwvYmE5N2E5NDQtM2U5Zi00ZmRhLTkwNGYtYjAwMzQxOTc4YWIzXC9ob21lLTEuanBnIiwiZWRpdHMiOnsicm90YXRlIjpudWxsLCJyZXNpemUiOnsid2lkdGgiOjk1MCwiaGVpZ2h0Ijo1MDUsImZpdCI6ImNvdmVyIn19fQ==,https://img.fazwaz.com/eyJidWNrZXQiOiJwcmQtbGlmdWxsY29ubmVjdC1iYWNrZW5kLWIyYi1pbWFnZXMiLCJrZXkiOiJpbmdlc3RlclwvYmE5N2E5NDQtM2U5Zi00ZmRhLTkwNGYtYjAwMzQxOTc4YWIzXC9ob21lLTIuanBnIiwiZWRpdHMiOnsicm90YXRlIjpudWxsLCJyZXNpemUiOnsid2lkdGgiOjI1MCwiaGVpZ2h0IjoyNTAsImZpdCI6ImNvdmVyIn19fQ==,https://img.fazwaz.com/eyJidWNrZXQiOiJwcmQtbGlmdWxsY29ubmVjdC1iYWNrZW5kLWIyYi1pbWFnZXMiLCJrZXkiOiJpbmdlc3RlclwvYmE5N2E5NDQtM2U5Zi00ZmRhLTkwNGYtYjAwMzQxOTc4YWIzXC9ob21lLTMuanBnIiwiZWRpdHMiOnsicm90YXRlIjpudWxsLCJyZXNpemUiOnsid2lkdGgiOjI1MCwiaGVpZ2h0IjoyNTAsImZpdCI6ImNvdmVyIn19fQ==,https://img.fazwaz.com/eyJidWNrZXQiOiJwcmQtbGlmdWxsY29ubmVjdC1iYWNrZW5kLWIyYi1pbWFnZXMiLCJrZXkiOiJpbmdlc3RlclwvYmE5N2E5NDQtM2U5Zi00ZmRhLTkwNGYtYjAwMzQxOTc4YWIzXC9ob21lLTQuanBnIiwiZWRpdHMiOnsicm90YXRlIjpudWxsLCJyZXNpemUiOnsid2lkdGgiOjI1MCwiaGVpZ2h0IjoyNTAsImZpdCI6ImNvdmVyIn19fQ==,https://img.fazwaz.com/eyJidWNrZXQiOiJwcmQtbGlmdWxsY29ubmVjdC1iYWNrZW5kLWIyYi1pbWFnZXMiLCJrZXkiOiJpbmdlc3RlclwvYmE5N2E5NDQtM2U5Zi00ZmRhLTkwNGYtYjAwMzQxOTc4YWIzXC9ob21lLTUuanBnIiwiZWRpdHMiOnsicm90YXRlIjpudWxsLCJyZXNpemUiOnsid2lkdGgiOjI1MCwiaGVpZ2h0IjoyNTAsImZpdCI6ImNvdmVyIn19fQ==",Proppit,2025-12-14T10:26:32.919572+00:00
U2034866,Must View! 5-bedroom Bungalow with Private Pool Near KLCC,https://www.fazwaz.my/property-rent/5-bedroom-house-for-rent-in-bandar-kuala-lumpur-kuala-lumpur-u2034866,"RM15,000","Bandar Kuala Lumpur, Kuala Lumpur, Kuala Lumpur",House,5,6,N/A,Partly Furnished,"This property is a 5,800 Sqft house with 5 bedrooms and 6 bathrooms that is available for rent. It is located in Bandar Kuala Lumpur, Kuala Lumpur. You can rent this house long term for RM15,000 per month.","https://img.fazwaz.com/eyJidWNrZXQiOiJwcmQtbGlmdWxsY29ubmVjdC1iYWNrZW5kLWIyYi1pbWFnZXMiLCJrZXkiOiJpbmdlc3RlclwvYjM4ZDhkYzQtNGY3ZC00YmZhLWEyYmEtOTdkOGJiNWJiOTYyXC9ob21lLTEuanBnIiwiZWRpdHMiOnsicm90YXRlIjpudWxsLCJyZXNpemUiOnsid2lkdGgiOjk1MCwiaGVpZ2h0Ijo1MDUsImZpdCI6ImNvdmVyIn19fQ==,https://img.fazwaz.com/eyJidWNrZXQiOiJwcmQtbGlmdWxsY29ubmVjdC1iYWNrZW5kLWIyYi1pbWFnZXMiLCJrZXkiOiJpbmdlc3RlclwvYjM4ZDhkYzQtNGY3ZC00YmZhLWEyYmEtOTdkOGJiNWJiOTYyXC9ob21lLTIuanBnIiwiZWRpdHMiOnsicm90YXRlIjpudWxsLCJyZXNpemUiOnsid2lkdGgiOjI1MCwiaGVpZ2h0IjoyNTAsImZpdCI6ImNvdmVyIn19fQ==,https://img.fazwaz.com/eyJidWNrZXQiOiJwcmQtbGlmdWxsY29ubmVjdC1iYWNrZW5kLWIyYi1pbWFnZXMiLCJrZXkiOiJpbmdlc3RlclwvYjM4ZDhkYzQtNGY3ZC00YmZhLWEyYmEtOTdkOGJiNWJiOTYyXC9ob21lLTMuanBnIiwiZWRpdHMiOnsicm90YXRlIjpudWxsLCJyZXNpemUiOnsid2lkdGgiOjI1MCwiaGVpZ2h0IjoyNTAsImZpdCI6ImNvdmVyIn19fQ==,https://img.fazwaz.com/eyJidWNrZXQiOiJwcmQtbGlmdWxsY29ubmVjdC1iYWNrZW5kLWIyYi1pbWFnZXMiLCJrZXkiOiJpbmdlc3RlclwvYjM4ZDhkYzQtNGY3ZC00YmZhLWEyYmEtOTdkOGJiNWJiOTYyXC9ob21lLTQuanBnIiwiZWRpdHMiOnsicm90YXRlIjpudWxsLCJyZXNpemUiOnsid2lkdGgiOjI1MCwiaGVpZ2h0IjoyNTAsImZpdCI6ImNvdmVyIn19fQ==,https://img.fazwaz.com/eyJidWNrZXQiOiJwcmQtbGlmdWxsY29ubmVjdC1iYWNrZW5kLWIyYi1pbWFnZXMiLCJrZXkiOiJpbmdlc3RlclwvYjM4ZDhkYzQtNGY3ZC00YmZhLWEyYmEtOTdkOGJiNWJiOTYyXC9ob21lLTUuanBnIiwiZWRpdHMiOnsicm90YXRlIjpudWxsLCJyZXNpemUiOnsid2lkdGgiOjI1MCwiaGVpZ2h0IjoyNTAsImZpdCI6ImNvdmVyIn19fQ==",Proppit,2025-12-14T10:26:32.919572+00:00
U2025365,"4 Storey Link Villa @ Kenny Heights Sanctuary, Sri Hartamas for Rent",https://www.fazwaz.my/property-rent/6-bedroom-villa-for-rent-in-bandar-kuala-lumpur-kuala-lumpur-u2025365,"RM11,000","Bandar Kuala Lumpur, Kuala Lumpur, Kuala Lumpur",Villa,6,5,N/A,Fully Furnished,"This property is a 5,695 Sqft villa with 6 bedrooms and 5 bathrooms that is available for rent. It is located in Bandar Kuala Lumpur, Kuala Lumpur. You can rent this villa long term for RM11,000 per month.","https://img.fazwaz.com/eyJidWNrZXQiOiJwcmQtbGlmdWxsY29ubmVjdC1iYWNrZW5kLWIyYi1pbWFnZXMiLCJrZXkiOiJpbmdlc3RlclwvZjJjNzdmOTktZTAzNi00YTVkLTk3MmQtYzRhYTY5YWJjYTJkXC9ob21lLTEuanBnIiwiZWRpdHMiOnsicm90YXRlIjpudWxsLCJyZXNpemUiOnsid2lkdGgiOjk1MCwiaGVpZ2h0Ijo1MDUsImZpdCI6ImNvdmVyIn19fQ==,https://img.fazwaz.com/eyJidWNrZXQiOiJwcmQtbGlmdWxsY29ubmVjdC1iYWNrZW5kLWIyYi1pbWFnZXMiLCJrZXkiOiJpbmdlc3RlclwvZjJjNzdmOTktZTAzNi00YTVkLTk3MmQtYzRhYTY5YWJjYTJkXC9ob21lLTIuanBnIiwiZWRpdHMiOnsicm90YXRlIjpudWxsLCJyZXNpemUiOnsid2lkdGgiOjI1MCwiaGVpZ2h0IjoyNTAsImZpdCI6ImNvdmVyIn19fQ==,https://img.fazwaz.com/eyJidWNrZXQiOiJwcmQtbGlmdWxsY29ubmVjdC1iYWNrZW5kLWIyYi1pbWFnZXMiLCJrZXkiOiJpbmdlc3RlclwvZjJjNzdmOTktZTAzNi00YTVkLTk3MmQtYzRhYTY5YWJjYTJkXC9ob21lLTMuanBnIiwiZWRpdHMiOnsicm90YXRlIjpudWxsLCJyZXNpemUiOnsid2lkdGgiOjI1MCwiaGVpZ2h0IjoyNTAsImZpdCI6ImNvdmVyIn19fQ==,https://img.fazwaz.com/eyJidWNrZXQiOiJwcmQtbGlmdWxsY29ubmVjdC1iYWNrZW5kLWIyYi1pbWFnZXMiLCJrZXkiOiJpbmdlc3RlclwvZjJjNzdmOTktZTAzNi00YTVkLTk3MmQtYzRhYTY5YWJjYTJkXC9ob21lLTQuanBnIiwiZWRpdHMiOnsicm90YXRlIjpudWxsLCJyZXNpemUiOnsid2lkdGgiOjI1MCwiaGVpZ2h0IjoyNTAsImZpdCI6ImNvdmVyIn19fQ==,https://img.fazwaz.com/eyJidWNrZXQiOiJwcmQtbGlmdWxsY29ubmVjdC1iYWNrZW5kLWIyYi1pbWFnZXMiLCJrZXkiOiJpbmdlc3RlclwvZjJjNzdmOTktZTAzNi00YTVkLTk3MmQtYzRhYTY5YWJjYTJkXC9ob21lLTUuanBnIiwiZWRpdHMiOnsicm90YXRlIjpudWxsLCJyZXNpemUiOnsid2lkdGgiOjI1MCwiaGVpZ2h0IjoyNTAsImZpdCI6ImNvdmVyIn19fQ==",Proppit,2025-12-14T10:26:32.919572+00:00
U2019657,2-Sty Bungalow At Lorong Lai Tet Loke For SALE / RENT,https://www.fazwaz.my/property-rent/4-bedroom-villa-for-rent-in-bandar-kuala-lumpur-kuala-lumpur-u2019657,"RM17,000","Bandar Kuala Lumpur, Kuala Lumpur, Kuala Lumpur",Villa,4,5,N/A,Partly Furnished,"This property is a 15,252 Sqft villa with 4 bedrooms and 5 bathrooms that is available for rent. It is located in Bandar Kuala Lumpur, Kuala Lumpur. You can rent this villa for RM17,000 per month and it is also available for sale for RM12,000,000.","https://img.fazwaz.com/eyJidWNrZXQiOiJwcmQtbGlmdWxsY29ubmVjdC1iYWNrZW5kLWIyYi1pbWFnZXMiLCJrZXkiOiJpbmdlc3RlclwvMzIwM2ZmZjEtOTU3NS00MWRlLTkxZTItNjM0ZmRjNTliNDRhXC9ob21lLTEuanBnIiwiZWRpdHMiOnsicm90YXRlIjpudWxsLCJyZXNpemUiOnsid2lkdGgiOjk1MCwiaGVpZ2h0Ijo1MDUsImZpdCI6ImNvdmVyIn19fQ==,https://img.fazwaz.com/eyJidWNrZXQiOiJwcmQtbGlmdWxsY29ubmVjdC1iYWNrZW5kLWIyYi1pbWFnZXMiLCJrZXkiOiJpbmdlc3RlclwvMzIwM2ZmZjEtOTU3NS00MWRlLTkxZTItNjM0ZmRjNTliNDRhXC9ob21lLTIuanBnIiwiZWRpdHMiOnsicm90YXRlIjpudWxsLCJyZXNpemUiOnsid2lkdGgiOjI1MCwiaGVpZ2h0IjoyNTAsImZpdCI6ImNvdmVyIn19fQ==,https://img.fazwaz.com/eyJidWNrZXQiOiJwcmQtbGlmdWxsY29ubmVjdC1iYWNrZW5kLWIyYi1pbWFnZXMiLCJrZXkiOiJpbmdlc3RlclwvMzIwM2ZmZjEtOTU3NS00MWRlLTkxZTItNjM0ZmRjNTliNDRhXC9ob21lLTMuanBnIiwiZWRpdHMiOnsicm90YXRlIjpudWxsLCJyZXNpemUiOnsid2lkdGgiOjI1MCwiaGVpZ2h0IjoyNTAsImZpdCI6ImNvdmVyIn19fQ==,https://img.fazwaz.com/eyJidWNrZXQiOiJwcmQtbGlmdWxsY29ubmVjdC1iYWNrZW5kLWIyYi1pbWFnZXMiLCJrZXkiOiJpbmdlc3RlclwvMzIwM2ZmZjEtOTU3NS00MWRlLTkxZTItNjM0ZmRjNTliNDRhXC9ob21lLTQuanBnIiwiZWRpdHMiOnsicm90YXRlIjpudWxsLCJyZXNpemUiOnsid2lkdGgiOjI1MCwiaGVpZ2h0IjoyNTAsImZpdCI6ImNvdmVyIn19fQ==,https://img.fazwaz.com/eyJidWNrZXQiOiJwcmQtbGlmdWxsY29ubmVjdC1iYWNrZW5kLWIyYi1pbWFnZXMiLCJrZXkiOiJpbmdlc3RlclwvMzIwM2ZmZjEtOTU3NS00MWRlLTkxZTItNjM0ZmRjNTliNDRhXC9ob21lLTUuanBnIiwiZWRpdHMiOnsicm90YXRlIjpudWxsLCJyZXNpemUiOnsid2lkdGgiOjI1MCwiaGVpZ2h0IjoyNTAsImZpdCI6ImNvdmVyIn19fQ==",Proppit,2025-12-14T10:26:32.919572+00:00
U2040722,Duplex for Sale / Rent in Kiara 9,https://www.fazwaz.my/property-rent/4-bedroom-house-for-rent-in-bandar-kuala-lumpur-kuala-lumpur-u2040722,"RM11,000","Bandar Kuala Lumpur, Kuala Lumpur, Kuala Lumpur",House,4,5,N/A,N/A,"This property is a 2,691 Sqft house with 4 bedrooms and 5 bathrooms that is available for rent. It is located in Bandar Kuala Lumpur, Kuala Lumpur. You can rent this house for RM11,000 per month and it is also available for sale for RM2,700,000.","https://img.fazwaz.com/eyJidWNrZXQiOiJwcmQtbGlmdWxsY29ubmVjdC1iYWNrZW5kLWIyYi1pbWFnZXMiLCJrZXkiOiJpbmdlc3RlclwvNjM0ZDJiMTYtYmZlNy00YzQzLThkMTYtNTU2YTVmMjc2YjcwXC9ob21lLTEuanBnIiwiZWRpdHMiOnsicm90YXRlIjpudWxsLCJyZXNpemUiOnsid2lkdGgiOjk1MCwiaGVpZ2h0Ijo1MDUsImZpdCI6ImNvdmVyIn19fQ==,https://img.fazwaz.com/eyJidWNrZXQiOiJwcmQtbGlmdWxsY29ubmVjdC1iYWNrZW5kLWIyYi1pbWFnZXMiLCJrZXkiOiJpbmdlc3RlclwvNjM0ZDJiMTYtYmZlNy00YzQzLThkMTYtNTU2YTVmMjc2YjcwXC9ob21lLTIuanBnIiwiZWRpdHMiOnsicm90YXRlIjpudWxsLCJyZXNpemUiOnsid2lkdGgiOjI1MCwiaGVpZ2h0IjoyNTAsImZpdCI6ImNvdmVyIn19fQ==,https://img.fazwaz.com/eyJidWNrZXQiOiJwcmQtbGlmdWxsY29ubmVjdC1iYWNrZW5kLWIyYi1pbWFnZXMiLCJrZXkiOiJpbmdlc3RlclwvNjM0ZDJiMTYtYmZlNy00YzQzLThkMTYtNTU2YTVmMjc2YjcwXC9ob21lLTMuanBnIiwiZWRpdHMiOnsicm90YXRlIjpudWxsLCJyZXNpemUiOnsid2lkdGgiOjI1MCwiaGVpZ2h0IjoyNTAsImZpdCI6ImNvdmVyIn19fQ==,https://img.fazwaz.com/eyJidWNrZXQiOiJwcmQtbGlmdWxsY29ubmVjdC1iYWNrZW5kLWIyYi1pbWFnZXMiLCJrZXkiOiJpbmdlc3RlclwvNjM0ZDJiMTYtYmZlNy00YzQzLThkMTYtNTU2YTVmMjc2YjcwXC9ob21lLTQuanBnIiwiZWRpdHMiOnsicm90YXRlIjpudWxsLCJyZXNpemUiOnsid2lkdGgiOjI1MCwiaGVpZ2h0IjoyNTAsImZpdCI6ImNvdmVyIn19fQ==,https://img.fazwaz.com/eyJidWNrZXQiOiJwcmQtbGlmdWxsY29ubmVjdC1iYWNrZW5kLWIyYi1pbWFnZXMiLCJrZXkiOiJpbmdlc3RlclwvNjM0ZDJiMTYtYmZlNy00YzQzLThkMTYtNTU2YTVmMjc2YjcwXC9ob21lLTUuanBnIiwiZWRpdHMiOnsicm90YXRlIjpudWxsLCJyZXNpemUiOnsid2lkdGgiOjI1MCwiaGVpZ2h0IjoyNTAsImZpdCI6ImNvdmVyIn19fQ==",Proppit,2025-12-14T10:26:32.919572+00:00
U2024145,Well Kept 2 Storey Vintage Bungalow for Rent at Keramat,https://www.fazwaz.my/property-rent/6-bedroom-house-for-rent-in-bandar-kuala-lumpur-kuala-lumpur-u2024145,"RM10,000","Bandar Kuala Lumpur, Kuala Lumpur, Kuala Lumpur",House,6,5,N/A,Fully Furnished,"This property is a 0 Sqft house with 6 bedrooms and 5 bathrooms that is available for rent. It is located in Bandar Kuala Lumpur, Kuala Lumpur. You can rent this house long term for RM10,000 per month.","https://img.fazwaz.com/eyJidWNrZXQiOiJwcmQtbGlmdWxsY29ubmVjdC1iYWNrZW5kLWIyYi1pbWFnZXMiLCJrZXkiOiJwcm9wZXJ0aWVzXC9iYzFmYzk5Ny0zYjkzLTRkZDEtYjFlZS1mNTBjZTVkMjE3MTFcLzg2NmI0ZmM4LTA2NTgtNDg0OC1iN2Y1LWQ1ZDkyOTRmZWIzNC5qcGciLCJlZGl0cyI6eyJyb3RhdGUiOm51bGwsInJlc2l6ZSI6eyJ3aWR0aCI6OTUwLCJoZWlnaHQiOjUwNSwiZml0IjoiY292ZXIifX19,https://img.fazwaz.com/eyJidWNrZXQiOiJwcmQtbGlmdWxsY29ubmVjdC1iYWNrZW5kLWIyYi1pbWFnZXMiLCJrZXkiOiJwcm9wZXJ0aWVzXC9iYzFmYzk5Ny0zYjkzLTRkZDEtYjFlZS1mNTBjZTVkMjE3MTFcL2E2YmI4OWQ2LTVjNDgtNGE0ZS05YmM5LWY4MDZhNzExMzJhOC5qcGciLCJlZGl0cyI6eyJyb3RhdGUiOm51bGwsInJlc2l6ZSI6eyJ3aWR0aCI6MjUwLCJoZWlnaHQiOjI1MCwiZml0IjoiY292ZXIifX19,https://img.fazwaz.com/eyJidWNrZXQiOiJwcmQtbGlmdWxsY29ubmVjdC1iYWNrZW5kLWIyYi1pbWFnZXMiLCJrZXkiOiJwcm9wZXJ0aWVzXC9iYzFmYzk5Ny0zYjkzLTRkZDEtYjFlZS1mNTBjZTVkMjE3MTFcL2U1MzEwZWQyLTgyNzctNGUxYi1iZTRiLWI0Y2RlNmM5NDRjMS5qcGciLCJlZGl0cyI6eyJyb3RhdGUiOm51bGwsInJlc2l6ZSI6eyJ3aWR0aCI6MjUwLCJoZWlnaHQiOjI1MCwiZml0IjoiY292ZXIifX19,https://img.fazwaz.com/eyJidWNrZXQiOiJwcmQtbGlmdWxsY29ubmVjdC1iYWNrZW5kLWIyYi1pbWFnZXMiLCJrZXkiOiJwcm9wZXJ0aWVzXC9iYzFmYzk5Ny0zYjkzLTRkZDEtYjFlZS1mNTBjZTVkMjE3MTFcL2U3ZGU4NjE2LWIzN2YtNGE1Yy1hMzRjLTQ0MzMzNjY3MTE3Zi5qcGciLCJlZGl0cyI6eyJyb3RhdGUiOm51bGwsInJlc2l6ZSI6eyJ3aWR0aCI6MjUwLCJoZWlnaHQiOjI1MCwiZml0IjoiY292ZXIifX19,https://img.fazwaz.com/eyJidWNrZXQiOiJwcmQtbGlmdWxsY29ubmVjdC1iYWNrZW5kLWIyYi1pbWFnZXMiLCJrZXkiOiJwcm9wZXJ0aWVzXC9iYzFmYzk5Ny0zYjkzLTRkZDEtYjFlZS1mNTBjZTVkMjE3MTFcL2EzMjU4MjFmLTA3ZjUtNDA2Ni1iZjAwLWJjY2U0MGE4ZWI5Yy5qcGciLCJlZGl0cyI6eyJyb3RhdGUiOm51bGwsInJlc2l6ZSI6eyJ3aWR0aCI6MjUwLCJoZWlnaHQiOjI1MCwiZml0IjoiY292ZXIifX19",Proppit,2025-12-14T10:26:32.919572+00:00
U2033465,Garden Villa for Sale/Rent in Kiara 9,https://www.fazwaz.my/property-rent/5-bedroom-villa-for-rent-in-bandar-kuala-lumpur-kuala-lumpur-u2033465,"RM15,000","Bandar Kuala Lumpur, Kuala Lumpur, Kuala Lumpur",Villa,5,5,N/A,N/A,"This property is a 4,673 Sqft villa with 5 bedrooms and 5 bathrooms that is available for rent. It is located in Bandar Kuala Lumpur, Kuala Lumpur. You can rent this villa for RM15,000 per month and it is also available for sale for RM4,200,000.","https://img.fazwaz.com/eyJidWNrZXQiOiJwcmQtbGlmdWxsY29ubmVjdC1iYWNrZW5kLWIyYi1pbWFnZXMiLCJrZXkiOiJpbmdlc3RlclwvMjg5MmIxMmItNTJkZi00MWNkLWEyNTMtZjhjNzZlYWExNzAwXC9ob21lLTEuanBnIiwiZWRpdHMiOnsicm90YXRlIjpudWxsLCJyZXNpemUiOnsid2lkdGgiOjk1MCwiaGVpZ2h0Ijo1MDUsImZpdCI6ImNvdmVyIn19fQ==,https://img.fazwaz.com/eyJidWNrZXQiOiJwcmQtbGlmdWxsY29ubmVjdC1iYWNrZW5kLWIyYi1pbWFnZXMiLCJrZXkiOiJpbmdlc3RlclwvMjg5MmIxMmItNTJkZi00MWNkLWEyNTMtZjhjNzZlYWExNzAwXC9ob21lLTIuanBnIiwiZWRpdHMiOnsicm90YXRlIjpudWxsLCJyZXNpemUiOnsid2lkdGgiOjI1MCwiaGVpZ2h0IjoyNTAsImZpdCI6ImNvdmVyIn19fQ==,https://img.fazwaz.com/eyJidWNrZXQiOiJwcmQtbGlmdWxsY29ubmVjdC1iYWNrZW5kLWIyYi1pbWFnZXMiLCJrZXkiOiJpbmdlc3RlclwvMjg5MmIxMmItNTJkZi00MWNkLWEyNTMtZjhjNzZlYWExNzAwXC9ob21lLTMuanBnIiwiZWRpdHMiOnsicm90YXRlIjpudWxsLCJyZXNpemUiOnsid2lkdGgiOjI1MCwiaGVpZ2h0IjoyNTAsImZpdCI6ImNvdmVyIn19fQ==,https://img.fazwaz.com/eyJidWNrZXQiOiJwcmQtbGlmdWxsY29ubmVjdC1iYWNrZW5kLWIyYi1pbWFnZXMiLCJrZXkiOiJpbmdlc3RlclwvMjg5MmIxMmItNTJkZi00MWNkLWEyNTMtZjhjNzZlYWExNzAwXC9ob21lLTQuanBnIiwiZWRpdHMiOnsicm90YXRlIjpudWxsLCJyZXNpemUiOnsid2lkdGgiOjI1MCwiaGVpZ2h0IjoyNTAsImZpdCI6ImNvdmVyIn19fQ==,https://img.fazwaz.com/eyJidWNrZXQiOiJwcmQtbGlmdWxsY29ubmVjdC1iYWNrZW5kLWIyYi1pbWFnZXMiLCJrZXkiOiJpbmdlc3RlclwvMjg5MmIxMmItNTJkZi00MWNkLWEyNTMtZjhjNzZlYWExNzAwXC9ob21lLTUuanBnIiwiZWRpdHMiOnsicm90YXRlIjpudWxsLCJyZXNpemUiOnsid2lkdGgiOjI1MCwiaGVpZ2h0IjoyNTAsImZpdCI6ImNvdmVyIn19fQ==",Proppit,2025-12-14T10:26:32.919572+00:00
listing_id,title,url,price,location,property_type,bedrooms,bathrooms,area,furnished,description,images,seller_name,fetched_at
U524428,4 Bedroom House for rent at Tanjung Bungah,https://www.fazwaz.my/property-rent/4-bedroom-house-for-rent-at-tanjung-bungah-in-tanjong-tokong-penang-u524428,"RM3,500","Tanjong Tokong, Timur Laut Northeast Penang, Penang",House,4,4,"3,670 Sqft",N/A,"This property is a 2,500 Sqft house with 4 bedrooms and 4 bathrooms that is available for rent. It is part of the Tanjung Bungah project in Tanjong Tokong, Penang and was completed in Apr 2023. You can rent this house long term for RM3,500 per month.","https://cdn.fazwaz.com/wbr/xjZUVapfP0pklLIgJadEgdlC1jg/2850x1515/unit/524428/1-c7a76ea87d1e4dd6b0891a3bb5295064.jpg,https://cdn.fazwaz.com/wbr/cbhuzYELRAc9kvJwrRJCyRUcmOU/250x250/unit/524428/3-19959d5756f9d65a778c4f895b632009.jpg,https://cdn.fazwaz.com/wbr/c0OonG27Uz48QU43ib2IPwcB8L0/250x250/unit/524428/4-5d6987bcd870a4e3870dcd2018d454ba.jpg,https://cdn.fazwaz.com/wbr/j5KQ3ReRNv4VXZu6VYKaHB9-8A4/250x250/unit/524428/5-16b97d4035bb1f6912fc14b09b3993e4.jpg,https://cdn.fazwaz.com/wbr/3f-pVMtU7Vny7V7wlnKAaa4kWVM/250x250/unit/524428/6-1d902dad8f3d7d237ab6bfb5032a3a9b.jpg",Agent / Partner,2025-12-14T10:26:45.644106+00:00
U483710,"Georgetown, Penang",https://www.fazwaz.my/property-rent/4-bedroom-townhouse-for-rent-in-bandaraya-georgetown-penang-u483710,"RM1,800","Bandaraya Georgetown, Timur Laut Northeast Penang, Penang",Townhouse,4,3,"1,356 Sqft",N/A,"This property is a 2,000 Sqft townhouse with 4 bedrooms and 3 bathrooms that is available for rent. It is located in Bandaraya Georgetown, Penang. You can rent this townhouse long term for RM1,800 per month.","https://cdn.fazwaz.com/wbr/l_Lq6dgfvWPe4YfM8fGjLcqPlZw/2850x1515/unit/483710/1-1725bc5f899a2c31f054f39d8adb892e.jpg,https://cdn.fazwaz.com/wbr/Mg2O4-Tl127n9eMjRbiBsE_foPM/250x250/unit/483710/3-7782f4e336e9dfe7b26ed1d520bb0216.jpg,https://cdn.fazwaz.com/wbr/C8Nw50lhw22Ws9y9RyACZAFkVnU/250x250/unit/483710/4-823ad58a0a766d8a8796574b70496563.jpg,https://cdn.fazwaz.com/wbr/CMSJOQa4JyZOb8zTT_ZE7P5wRLQ/250x250/unit/483710/5-9dfbe4509e2e89d7fe174f1df648809c.jpg,https://cdn.fazwaz.com/wbr/d99z4WkMi-LNQpmgFqkLOuq4h6U/250x250/unit/483710/6-e0cb4d39da2d73a46106077e7b867b9e.jpg",Agent / Partner,2025-12-14T10:26:45.644106+00:00
U525080,5 Bedroom Townhouse for rent at Tanjong Tokong,https://www.fazwaz.my/property-rent/5-bedroom-townhouse-for-rent-at-tanjong-tokong-in-bandaraya-georgetown-penang-u525080,"RM3,900","Bandaraya Georgetown, Timur Laut Northeast Penang, Penang",Townhouse,5,5,"2,002 Sqft",N/A,"This property is a 4,000 Sqft townhouse with 5 bedrooms and 5 bathrooms that is available for rent. It is part of the Tanjong Tokong project in Bandaraya Georgetown, Penang and was completed in Jan 2010. You can rent this townhouse long term for RM3,900 per month.","https://cdn.fazwaz.com/wbr/yevljgGRN769OM_mCItU-7N3uQQ/2850x1515/unit/525080/1-4a6919c9ee26fa1561d1bb314a8b6e5c.jpg,https://cdn.fazwaz.com/wbr/yZI0a0iw7WDrReeP7v_CO6Gh4sc/250x250/unit/525080/3-e401fd3e8fef06c68df3ba9521330171.jpg,https://cdn.fazwaz.com/wbr/_1QPyK96qySZiwqHH7QlBcqM32c/250x250/unit/525080/4-1e766cb314e81f641f625b1ddfa85283.jpg,https://cdn.fazwaz.com/wbr/vlAIiDtRclISa9bff69fQjl13pM/250x250/unit/525080/5-311b7f2b29f9c35ea4ff0b9feb9ff1ca.jpg,https://cdn.fazwaz.com/wbr/pQgcSpcYyb8EnFoOaRI2w-XnRbM/250x250/unit/525080/6-f5fd9a75008a9d03a2338726749efeb8.jpg",Agent / Partner,2025-12-14T10:26:45.644106+00:00
U2026168,Ashton Eco Horizon,https://www.fazwaz.my/property-rent/4-bedroom-house-for-rent-in-mukim-13-penang-u2026168,"RM1,600","Mukim 13, Central Seberang Perai, Penang",House,4,4,N/A,Unfurnished,"This property is a 16,576 Sqft house with 4 bedrooms and 4 bathrooms that is available for rent. It is located in Mukim 13, Penang. You can rent this house long term for RM1,600 per month.","https://img.fazwaz.com/eyJidWNrZXQiOiJwcmQtbGlmdWxsY29ubmVjdC1iYWNrZW5kLWIyYi1pbWFnZXMiLCJrZXkiOiJpbmdlc3RlclwvMzMxMzczMjQtYmRkMS00OThhLWE4OTktMTAzYzlhYjllNjJhXC9ob21lLTEuanBnIiwiZWRpdHMiOnsicm90YXRlIjpudWxsLCJyZXNpemUiOnsid2lkdGgiOjk1MCwiaGVpZ2h0Ijo1MDUsImZpdCI6ImNvdmVyIn19fQ==,https://img.fazwaz.com/eyJidWNrZXQiOiJwcmQtbGlmdWxsY29ubmVjdC1iYWNrZW5kLWIyYi1pbWFnZXMiLCJrZXkiOiJpbmdlc3RlclwvMzMxMzczMjQtYmRkMS00OThhLWE4OTktMTAzYzlhYjllNjJhXC9ob21lLTIuanBnIiwiZWRpdHMiOnsicm90YXRlIjpudWxsLCJyZXNpemUiOnsid2lkdGgiOjI1MCwiaGVpZ2h0IjoyNTAsImZpdCI6ImNvdmVyIn19fQ==,https://img.fazwaz.com/eyJidWNrZXQiOiJwcmQtbGlmdWxsY29ubmVjdC1iYWNrZW5kLWIyYi1pbWFnZXMiLCJrZXkiOiJpbmdlc3RlclwvMzMxMzczMjQtYmRkMS00OThhLWE4OTktMTAzYzlhYjllNjJhXC9ob21lLTMuanBnIiwiZWRpdHMiOnsicm90YXRlIjpudWxsLCJyZXNpemUiOnsid2lkdGgiOjI1MCwiaGVpZ2h0IjoyNTAsImZpdCI6ImNvdmVyIn19fQ==,https://img.fazwaz.com/eyJidWNrZXQiOiJwcmQtbGlmdWxsY29ubmVjdC1iYWNrZW5kLWIyYi1pbWFnZXMiLCJrZXkiOiJpbmdlc3RlclwvMzMxMzczMjQtYmRkMS00OThhLWE4OTktMTAzYzlhYjllNjJhXC9ob21lLTQuanBnIiwiZWRpdHMiOnsicm90YXRlIjpudWxsLCJyZXNpemUiOnsid2lkdGgiOjI1MCwiaGVpZ2h0IjoyNTAsImZpdCI6ImNvdmVyIn19fQ==,https://img.fazwaz.com/eyJidWNrZXQiOiJwcmQtbGlmdWxsY29ubmVjdC1iYWNrZW5kLWIyYi1pbWFnZXMiLCJrZXkiOiJpbmdlc3RlclwvMzMxMzczMjQtYmRkMS00OThhLWE4OTktMTAzYzlhYjllNjJhXC9ob21lLTUuanBnIiwiZWRpdHMiOnsicm90YXRlIjpudWxsLCJyZXNpemUiOnsid2lkdGgiOjI1MCwiaGVpZ2h0IjoyNTAsImZpdCI6ImNvdmVyIn19fQ==",Proppit,2025-12-14T10:26:45.644106+00:00
U2025173,2 Storey Fully Furnished Batu kawan,https://www.fazwaz.my/property-rent/4-bedroom-house-for-rent-in-mukim-13-penang-u2025173,"RM3,300","Mukim 13, South Seberang Perai, Penang",House,4,3,"17,470 Sqft",Fully Furnished,"This property is a 0 Sqft house with 4 bedrooms and 3 bathrooms that is available for rent. It is located in Mukim 13, Penang. You can rent this house long term for RM3,300 per month.","https://img.fazwaz.com/eyJidWNrZXQiOiJwcmQtbGlmdWxsY29ubmVjdC1iYWNrZW5kLWIyYi1pbWFnZXMiLCJrZXkiOiJwcm9wZXJ0aWVzXC8wMTkyYzY2MS0wYTg0LTdhOTEtOTRkZC1kMWFhNWYxNGZlZTJcLzAxOTJjNjYxLTEyMzEtNzNhZS05MDc3LTZmZjkzMWQ4NTBiMS5iaW4iLCJlZGl0cyI6eyJyb3RhdGUiOm51bGwsInJlc2l6ZSI6eyJ3aWR0aCI6OTUwLCJoZWlnaHQiOjUwNSwiZml0IjoiY292ZXIifX19,https://img.fazwaz.com/eyJidWNrZXQiOiJwcmQtbGlmdWxsY29ubmVjdC1iYWNrZW5kLWIyYi1pbWFnZXMiLCJrZXkiOiJwcm9wZXJ0aWVzXC8wMTkyYzY2MS0wYTg0LTdhOTEtOTRkZC1kMWFhNWYxNGZlZTJcLzAxOTJjNjYxLTEyZWEtNzA4Ny04MjQ4LTI2YzQxOWQ4YjI5Mi5iaW4iLCJlZGl0cyI6eyJyb3RhdGUiOm51bGwsInJlc2l6ZSI6eyJ3aWR0aCI6MjUwLCJoZWlnaHQiOjI1MCwiZml0IjoiY292ZXIifX19,https://img.fazwaz.com/eyJidWNrZXQiOiJwcmQtbGlmdWxsY29ubmVjdC1iYWNrZW5kLWIyYi1pbWFnZXMiLCJrZXkiOiJwcm9wZXJ0aWVzXC8wMTkyYzY2MS0wYTg0LTdhOTEtOTRkZC1kMWFhNWYxNGZlZTJcLzAxOTJjNjYxLTEzMmItNzFiMi04MGI2LTk0YzAwOGM4ODNjOC5iaW4iLCJlZGl0cyI6eyJyb3RhdGUiOm51bGwsInJlc2l6ZSI6eyJ3aWR0aCI6MjUwLCJoZWlnaHQiOjI1MCwiZml0IjoiY292ZXIifX19,https://img.fazwaz.com/eyJidWNrZXQiOiJwcmQtbGlmdWxsY29ubmVjdC1iYWNrZW5kLWIyYi1pbWFnZXMiLCJrZXkiOiJwcm9wZXJ0aWVzXC8wMTkyYzY2MS0wYTg0LTdhOTEtOTRkZC1kMWFhNWYxNGZlZTJcLzAxOTJjNjYxLTEzNjEtNzE3Ni1hMDUwLWE2MmZjNjZmODhlMC5iaW4iLCJlZGl0cyI6eyJyb3RhdGUiOm51bGwsInJlc2l6ZSI6eyJ3aWR0aCI6MjUwLCJoZWlnaHQiOjI1MCwiZml0IjoiY292ZXIifX19,https://img.fazwaz.com/eyJidWNrZXQiOiJwcmQtbGlmdWxsY29ubmVjdC1iYWNrZW5kLWIyYi1pbWFnZXMiLCJrZXkiOiJwcm9wZXJ0aWVzXC8wMTkyYzY2MS0wYTg0LTdhOTEtOTRkZC1kMWFhNWYxNGZlZTJcLzAxOTJjNjYxLTEzYTUtNzFiNi05MTQwLWYwODhkNDE2MjU4My5iaW4iLCJlZGl0cyI6eyJyb3RhdGUiOm51bGwsInJlc2l6ZSI6eyJ3aWR0aCI6MjUwLCJoZWlnaHQiOjI1MCwiZml0IjoiY292ZXIifX19",Proppit,2025-12-14T10:26:45.644106+00:00
U2022868,3 Storey Terrace fully furnished reno,https://www.fazwaz.my/property-rent/3-bedroom-house-for-rent-in-mukim-7-penang-u2022868,"RM7,500","Mukim 7, North Seberang Perai, Penang",House,3,4,"32,292 Sqft",Fully Furnished,"This property is a 0 Sqft house with 3 bedrooms and 4 bathrooms that is available for rent. It is located in Mukim 7, Penang. You can rent this house long term for RM7,500 per month.","https://img.fazwaz.com/eyJidWNrZXQiOiJwcmQtbGlmdWxsY29ubmVjdC1iYWNrZW5kLWIyYi1pbWFnZXMiLCJrZXkiOiJwcm9wZXJ0aWVzXC8wMTkyYzY2Yy0xOTNjLTdkZjItYjc2Yi1lMjNkYzVhNmFmMTdcLzAxOTJjNjZjLTIyNTQtNzI0Ni05ODNiLTIwOTRjYmJiMzQyNS5iaW4iLCJlZGl0cyI6eyJyb3RhdGUiOm51bGwsInJlc2l6ZSI6eyJ3aWR0aCI6OTUwLCJoZWlnaHQiOjUwNSwiZml0IjoiY292ZXIifX19,https://img.fazwaz.com/eyJidWNrZXQiOiJwcmQtbGlmdWxsY29ubmVjdC1iYWNrZW5kLWIyYi1pbWFnZXMiLCJrZXkiOiJwcm9wZXJ0aWVzXC8wMTkyYzY2Yy0xOTNjLTdkZjItYjc2Yi1lMjNkYzVhNmFmMTdcLzAxOTJjNjZjLTIzMGMtNzNlZC1hZTE1LTUyNTcxMWY2NzJmNy5iaW4iLCJlZGl0cyI6eyJyb3RhdGUiOm51bGwsInJlc2l6ZSI6eyJ3aWR0aCI6MjUwLCJoZWlnaHQiOjI1MCwiZml0IjoiY292ZXIifX19,https://img.fazwaz.com/eyJidWNrZXQiOiJwcmQtbGlmdWxsY29ubmVjdC1iYWNrZW5kLWIyYi1pbWFnZXMiLCJrZXkiOiJwcm9wZXJ0aWVzXC8wMTkyYzY2Yy0xOTNjLTdkZjItYjc2Yi1lMjNkYzVhNmFmMTdcLzAxOTJjNjZjLTIzNDAtNzMwZS04ZDkxLTYyMjhlNmM3MGQ0OC5iaW4iLCJlZGl0cyI6eyJyb3RhdGUiOm51bGwsInJlc2l6ZSI6eyJ3aWR0aCI6MjUwLCJoZWlnaHQiOjI1MCwiZml0IjoiY292ZXIifX19,https://img.fazwaz.com/eyJidWNrZXQiOiJwcmQtbGlmdWxsY29ubmVjdC1iYWNrZW5kLWIyYi1pbWFnZXMiLCJrZXkiOiJwcm9wZXJ0aWVzXC8wMTkyYzY2Yy0xOTNjLTdkZjItYjc2Yi1lMjNkYzVhNmFmMTdcLzAxOTJjNjZjLTIzODgtNzNiMC05ZTYxLTg3NWYzN2ZhYTlkNy5iaW4iLCJlZGl0cyI6eyJyb3RhdGUiOm51bGwsInJlc2l6ZSI6eyJ3aWR0aCI6MjUwLCJoZWlnaHQiOjI1MCwiZml0IjoiY292ZXIifX19,https://img.fazwaz.com/eyJidWNrZXQiOiJwcmQtbGlmdWxsY29ubmVjdC1iYWNrZW5kLWIyYi1pbWFnZXMiLCJrZXkiOiJwcm9wZXJ0aWVzXC8wMTkyYzY2Yy0xOTNjLTdkZjItYjc2Yi1lMjNkYzVhNmFmMTdcLzAxOTJjNjZjLTIzY2YtNzM2My05ZTI1LWJmMzg2NTZiMjJiNC5iaW4iLCJlZGl0cyI6eyJyb3RhdGUiOm51bGwsInJlc2l6ZSI6eyJ3aWR0aCI6MjUwLCJoZWlnaHQiOjI1MCwiZml0IjoiY292ZXIifX19",Proppit,2025-12-14T10:26:45.644106+00:00
U2021870,3 Storey Terrace Partial furnished,https://www.fazwaz.my/property-rent/5-bedroom-house-for-rent-in-paya-terubong-penang-u2021870,"RM3,200","Paya Terubong, Timur Laut Northeast Penang, Penang",House,5,4,"32,292 Sqft",Partly Furnished,"This property is a 15,069 Sqft house with 5 bedrooms and 4 bathrooms that is available for rent. It is located in Paya Terubong, Penang. You can rent this house long term for RM3,200 per month.","https://img.fazwaz.com/eyJidWNrZXQiOiJwcmQtbGlmdWxsY29ubmVjdC1iYWNrZW5kLWIyYi1pbWFnZXMiLCJrZXkiOiJwcm9wZXJ0aWVzXC8wMTkyYzY2Ny0xNmI3LTc1NWMtOTc1Yi1kOGE5ZGJkNmVmZGJcLzAxOTJjNjY3LTFlN2YtNzJiNC04ZGNhLTYzYzI2NDlmNWFhNS5iaW4iLCJlZGl0cyI6eyJyb3RhdGUiOm51bGwsInJlc2l6ZSI6eyJ3aWR0aCI6OTUwLCJoZWlnaHQiOjUwNSwiZml0IjoiY292ZXIifX19,https://img.fazwaz.com/eyJidWNrZXQiOiJwcmQtbGlmdWxsY29ubmVjdC1iYWNrZW5kLWIyYi1pbWFnZXMiLCJrZXkiOiJwcm9wZXJ0aWVzXC8wMTkyYzY2Ny0xNmI3LTc1NWMtOTc1Yi1kOGE5ZGJkNmVmZGJcLzAxOTJjNjY3LTFmMjAtNzA0YS04Njk3LWE5ZDY2OWMxOWMzYi5iaW4iLCJlZGl0cyI6eyJyb3RhdGUiOm51bGwsInJlc2l6ZSI6eyJ3aWR0aCI6MjUwLCJoZWlnaHQiOjI1MCwiZml0IjoiY292ZXIifX19,https://img.fazwaz.com/eyJidWNrZXQiOiJwcmQtbGlmdWxsY29ubmVjdC1iYWNrZW5kLWIyYi1pbWFnZXMiLCJrZXkiOiJwcm9wZXJ0aWVzXC8wMTkyYzY2Ny0xNmI3LTc1NWMtOTc1Yi1kOGE5ZGJkNmVmZGJcLzAxOTJjNjY3LTFmNGQtNzE3NC05MGRhLTE0YTI2NjU3Yzk2ZC5iaW4iLCJlZGl0cyI6eyJyb3RhdGUiOm51bGwsInJlc2l6ZSI6eyJ3aWR0aCI6MjUwLCJoZWlnaHQiOjI1MCwiZml0IjoiY292ZXIifX19,https://img.fazwaz.com/eyJidWNrZXQiOiJwcmQtbGlmdWxsY29ubmVjdC1iYWNrZW5kLWIyYi1pbWFnZXMiLCJrZXkiOiJwcm9wZXJ0aWVzXC8wMTkyYzY2Ny0xNmI3LTc1NWMtOTc1Yi1kOGE5ZGJkNmVmZGJcLzAxOTJjNjY3LTFmNjgtNzFlMS1iN2JmLTZjNTQ0ZGE5OTc3YS5iaW4iLCJlZGl0cyI6eyJyb3RhdGUiOm51bGwsInJlc2l6ZSI6eyJ3aWR0aCI6MjUwLCJoZWlnaHQiOjI1MCwiZml0IjoiY292ZXIifX19,https://img.fazwaz.com/eyJidWNrZXQiOiJwcmQtbGlmdWxsY29ubmVjdC1iYWNrZW5kLWIyYi1pbWFnZXMiLCJrZXkiOiJwcm9wZXJ0aWVzXC8wMTkyYzY2Ny0xNmI3LTc1NWMtOTc1Yi1kOGE5ZGJkNmVmZGJcLzAxOTJjNjY3LTFmOTQtNzE4ZC04MTA0LTkwMjJlNDhiNmIwYS5iaW4iLCJlZGl0cyI6eyJyb3RhdGUiOm51bGwsInJlc2l6ZSI6eyJ3aWR0aCI6MjUwLCJoZWlnaHQiOjI1MCwiZml0IjoiY292ZXIifX19",Proppit,2025-12-14T10:26:45.644106+00:00
U2034095,3 Storey Fully furnished reno,https://www.fazwaz.my/property-rent/6-bedroom-house-for-rent-in-bayan-lepas-penang-u2034095,"RM3,900","Bayan Lepas, Barat Daya Southwest Penang, Penang",House,6,6,"34,445 Sqft",Fully Furnished,"This property is a 0 Sqft house with 6 bedrooms and 6 bathrooms that is available for rent. It is located in Bayan Lepas, Penang. You can rent this house long term for RM3,900 per month.","https://img.fazwaz.com/eyJidWNrZXQiOiJwcmQtbGlmdWxsY29ubmVjdC1iYWNrZW5kLWIyYi1pbWFnZXMiLCJrZXkiOiJwcm9wZXJ0aWVzXC8wMTkyYzY1Yi0yMWFmLTcyMTEtYjIxNC01YjI4MzVmNGY1NTNcLzAxOTJjNjViLTI5NTMtNzJlMS1hN2QxLTEzNWIyNjJhZDU2OS5iaW4iLCJlZGl0cyI6eyJyb3RhdGUiOm51bGwsInJlc2l6ZSI6eyJ3aWR0aCI6OTUwLCJoZWlnaHQiOjUwNSwiZml0IjoiY292ZXIifX19,https://img.fazwaz.com/eyJidWNrZXQiOiJwcmQtbGlmdWxsY29ubmVjdC1iYWNrZW5kLWIyYi1pbWFnZXMiLCJrZXkiOiJwcm9wZXJ0aWVzXC8wMTkyYzY1Yi0yMWFmLTcyMTEtYjIxNC01YjI4MzVmNGY1NTNcLzAxOTJjNjViLTJhMGYtNzI3NS1hMGFkLTEwZWJlODkwMWIwMi5iaW4iLCJlZGl0cyI6eyJyb3RhdGUiOm51bGwsInJlc2l6ZSI6eyJ3aWR0aCI6MjUwLCJoZWlnaHQiOjI1MCwiZml0IjoiY292ZXIifX19,https://img.fazwaz.com/eyJidWNrZXQiOiJwcmQtbGlmdWxsY29ubmVjdC1iYWNrZW5kLWIyYi1pbWFnZXMiLCJrZXkiOiJwcm9wZXJ0aWVzXC8wMTkyYzY1Yi0yMWFmLTcyMTEtYjIxNC01YjI4MzVmNGY1NTNcLzAxOTJjNjViLTJhNDUtNzM2NC05OTUyLTE4NjNmN2QxMmRlZC5iaW4iLCJlZGl0cyI6eyJyb3RhdGUiOm51bGwsInJlc2l6ZSI6eyJ3aWR0aCI6MjUwLCJoZWlnaHQiOjI1MCwiZml0IjoiY292ZXIifX19,https://img.fazwaz.com/eyJidWNrZXQiOiJwcmQtbGlmdWxsY29ubmVjdC1iYWNrZW5kLWIyYi1pbWFnZXMiLCJrZXkiOiJwcm9wZXJ0aWVzXC8wMTkyYzY1Yi0yMWFmLTcyMTEtYjIxNC01YjI4MzVmNGY1NTNcLzAxOTJjNjViLTJhODMtNzJiOC1iZDJlLThkZDAyYjE3MGY5YS5iaW4iLCJlZGl0cyI6eyJyb3RhdGUiOm51bGwsInJlc2l6ZSI6eyJ3aWR0aCI6MjUwLCJoZWlnaHQiOjI1MCwiZml0IjoiY292ZXIifX19,https://img.fazwaz.com/eyJidWNrZXQiOiJwcmQtbGlmdWxsY29ubmVjdC1iYWNrZW5kLWIyYi1pbWFnZXMiLCJrZXkiOiJwcm9wZXJ0aWVzXC8wMTkyYzY1Yi0yMWFmLTcyMTEtYjIxNC01YjI4MzVmNGY1NTNcLzAxOTJjNjViLTJhOWQtNzE0YS04MGYyLWE3ZGQ1ZTNiMDAxMS5iaW4iLCJlZGl0cyI6eyJyb3RhdGUiOm51bGwsInJlc2l6ZSI6eyJ3aWR0aCI6MjUwLCJoZWlnaHQiOjI1MCwiZml0IjoiY292ZXIifX19",Proppit,2025-12-14T10:26:45.644106+00:00
